nombre_corto,aoi,sensor,fecha,nombre_original,archivo_origen
NISAR_GCOV_20251204,BOSQUE_NW_02,NISAR_GCOV,20251204,NISAR_L2_PR_GCOV_007_003_A_156_4005_DHDH_A_20251204T105003_20251204T105038_X05009_N_F_J_001,NISAR_L2_PR_GCOV_007_003_A_156_4005_DHDH_A_20251204T105003_20251204T105038_X05009_N_F_J_001.h5
NISAR_GCOV_20251228,BOSQUE_NW_02,NISAR_GCOV,20251228,NISAR_L2_PR_GCOV_009_003_A_156_4005_DHDH_A_20251228T105004_20251228T105039_X05009_N_F_J_001,NISAR_L2_PR_GCOV_009_003_A_156_4005_DHDH_A_20251228T105004_20251228T105039_X05009_N_F_J_001.h5
NISAR_GCOV_20260108,BOSQUE_NW_02,NISAR_GCOV,20260108,NISAR_L2_PR_GCOV_009_169_D_110_4005_DHDH_A_20260108T224424_20260108T224459_X05009_N_F_J_001,NISAR_L2_PR_GCOV_009_169_D_110_4005_DHDH_A_20260108T224424_20260108T224459_X05009_N_F_J_001.h5
PALSAR2_2023,BOSQUE_NW_02,PALSAR2_MOSAIC,2023,JAXA_global_mosaic_2023,tile S42W072
PALSAR2_2024,BOSQUE_NW_02,PALSAR2_MOSAIC,2024,JAXA_global_mosaic_2024,tile S42W072
PALSAR2_2025,BOSQUE_NW_02,PALSAR2_MOSAIC,2025,JAXA_global_mosaic_2025,tile S42W072
S1A_IW_GRD_20231017_050811_R164_E344,BOSQUE_NW_02,S1_GRD,20231017,S1A_IW_GRDH_1SDV_20231017T234233_20231017T234258_050811_061FC5_E344,S1A_IW_GRDH_1SDV_20231017T234233_20231017T234258_050811_061FC5_E344.zip
S1A_IW_GRD_20231204_051511_R164_8045,BOSQUE_NW_02,S1_GRD,20231204,S1A_IW_GRDH_1SDV_20231204T234232_20231204T234257_051511_0637C5_8045,S1A_IW_GRDH_1SDV_20231204T234232_20231204T234257_051511_0637C5_8045.zip
S1A_IW_GRD_20240109_052036_R164_7CD5,BOSQUE_NW_02,S1_GRD,20240109,S1A_IW_GRDH_1SDV_20240109T234230_20240109T234255_052036_0649EA_7CD5,S1A_IW_GRDH_1SDV_20240109T234230_20240109T234255_052036_0649EA_7CD5.zip
S1A_IW_GRD_20240226_052736_R164_C6A4,BOSQUE_NW_02,S1_GRD,20240226,S1A_IW_GRDH_1SDV_20240226T234228_20240226T234253_052736_066197_C6A4,S1A_IW_GRDH_1SDV_20240226T234228_20240226T234253_052736_066197_C6A4.zip
S1A_IW_GRD_20251123_062011_R164_B6B6,BOSQUE_NW_02,S1_GRD,20251123,S1A_IW_GRDH_1SDV_20251123T234218_20251123T234243_062011_07C1DF_B6B6,S1A_IW_GRDH_1SDV_20251123T234218_20251123T234243_062011_07C1DF_B6B6.zip
S1A_IW_GRD_20260110_062711_R164_4F77,BOSQUE_NW_02,S1_GRD,20260110,S1A_IW_GRDH_1SDV_20260110T234213_20260110T234238_062711_07DD05_4F77,S1A_IW_GRDH_1SDV_20260110T234213_20260110T234238_062711_07DD05_4F77.zip
S1A_IW_GRD_20260227_063411_R164_6569,BOSQUE_NW_02,S1_GRD,20260227,S1A_IW_GRDH_1SDV_20260227T234211_20260227T234236_063411_07F739_6569,S1A_IW_GRDH_1SDV_20260227T234211_20260227T234236_063411_07F739_6569.zip
S1A_IW_SLC_20231017_050811_R164_C2DB,BOSQUE_NW_02,S1_SLC,20231017,S1A_IW_SLC__1SDV_20231017T234232_20231017T234259_050811_061FC5_C2DB,S1A_IW_SLC__1SDV_20231017T234232_20231017T234259_050811_061FC5_C2DB.zip
S1A_IW_SLC_20231204_051511_R164_BE8D,BOSQUE_NW_02,S1_SLC,20231204,S1A_IW_SLC__1SDV_20231204T234230_20231204T234257_051511_0637C5_BE8D,S1A_IW_SLC__1SDV_20231204T234230_20231204T234257_051511_0637C5_BE8D.zip
S1A_IW_SLC_20240109_052036_R164_2BDC,BOSQUE_NW_02,S1_SLC,20240109,S1A_IW_SLC__1SDV_20240109T234228_20240109T234255_052036_0649EA_2BDC,S1A_IW_SLC__1SDV_20240109T234228_20240109T234255_052036_0649EA_2BDC.zip
S1A_IW_SLC_20240226_052736_R164_F83D,BOSQUE_NW_02,S1_SLC,20240226,S1A_IW_SLC__1SDV_20240226T234227_20240226T234254_052736_066197_F83D,S1A_IW_SLC__1SDV_20240226T234227_20240226T234254_052736_066197_F83D.zip
S1A_IW_SLC_20251123_062011_R164_2611,BOSQUE_NW_02,S1_SLC,20251123,S1A_IW_SLC__1SDV_20251123T234217_20251123T234244_062011_07C1DF_2611,S1A_IW_SLC__1SDV_20251123T234217_20251123T234244_062011_07C1DF_2611.zip
S1A_IW_SLC_20260110_062711_R164_7E2D,BOSQUE_NW_02,S1_SLC,20260110,S1A_IW_SLC__1SDV_20260110T234212_20260110T234239_062711_07DD05_7E2D,S1A_IW_SLC__1SDV_20260110T234212_20260110T234239_062711_07DD05_7E2D.zip
S1A_IW_SLC_20260227_063411_R164_93A9,BOSQUE_NW_02,S1_SLC,20260227,S1A_IW_SLC__1SDV_20260227T234210_20260227T234236_063411_07F739_93A9,S1A_IW_SLC__1SDV_20260227T234210_20260227T234236_063411_07F739_93A9.zip
S2A_L2A_20231022_R053_T18GYT,BOSQUE_NW_02,S2_L2A,20231022,S2A_MSIL2A_20231022T142711_N0510_R053_T18GYT_20241108T033139,S2A_MSIL2A_20231022T142711_N0510_R053_T18GYT_20241108T033139.zip
S2B_L2A_20231206_R053_T18GYT,BOSQUE_NW_02,S2_L2A,20231206,S2B_MSIL2A_20231206T142709_N0510_R053_T18GYT_20241114T085658,S2B_MSIL2A_20231206T142709_N0510_R053_T18GYT_20241114T085658.zip
S2A_L2A_20240110_R053_T18GYT,BOSQUE_NW_02,S2_L2A,20240110,S2A_MSIL2A_20240110T142711_N0510_R053_T18GYT_20240110T195056,S2A_MSIL2A_20240110T142711_N0510_R053_T18GYT_20240110T195056.zip
S2A_L2A_20240229_R053_T18GYT,BOSQUE_NW_02,S2_L2A,20240229,S2A_MSIL2A_20240229T142711_N0510_R053_T18GYT_20240229T190551,S2A_MSIL2A_20240229T142711_N0510_R053_T18GYT_20240229T190551.zip
S2B_L2A_20251125_R053_T18GYT,BOSQUE_NW_02,S2_L2A,20251125,S2B_MSIL2A_20251125T142709_N0511_R053_T18GYT_20251125T180610,S2B_MSIL2A_20251125T142709_N0511_R053_T18GYT_20251125T180610.zip
S2C_L2A_20260109_R053_T18GYT,BOSQUE_NW_02,S2_L2A,20260109,S2C_MSIL2A_20260109T142721_N0511_R053_T18GYT_20260109T180225,S2C_MSIL2A_20260109T142721_N0511_R053_T18GYT_20260109T180225.zip
S2B_L2A_20260305_R053_T18GYT,BOSQUE_NW_02,S2_L2A,20260305,S2B_MSIL2A_20260305T142749_N0512_R053_T18GYT_20260305T192326,S2B_MSIL2A_20260305T142749_N0512_R053_T18GYT_20260305T192326.zip
SAO1B_L1A_20251123_13870600,BOSQUE_NW_02,SAOCOM_L1A,20251123,EOL1ASARSAO1B13870600,S1B_OPER_SAR_EOSSP__CORE_L1A_OLF_20251125T074457.xemt
SAO1B_L1A_20260110_14465476,BOSQUE_NW_02,SAOCOM_L1A,20260110,EOL1ASARSAO1B14465476,S1B_OPER_SAR_EOSSP__CORE_L1A_OLF_20260225T154921.xemt
SAO1B_L1A_20260227_14489260,BOSQUE_NW_02,SAOCOM_L1A,20260227,EOL1ASARSAO1B14489260,S1B_OPER_SAR_EOSSP__CORE_L1A_OLF_20260301T235257.xemt
NISAR_GCOV_20251204,ESTEPA_NW_02,NISAR_GCOV,20251204,NISAR_L2_PR_GCOV_007_003_A_156_4005_DHDH_A_20251204T105003_20251204T105038_X05009_N_F_J_001,NISAR_L2_PR_GCOV_007_003_A_156_4005_DHDH_A_20251204T105003_20251204T105038_X05009_N_F_J_001.h5
NISAR_GCOV_20251228,ESTEPA_NW_02,NISAR_GCOV,20251228,NISAR_L2_PR_GCOV_009_003_A_156_4005_DHDH_A_20251228T105004_20251228T105039_X05009_N_F_J_001,NISAR_L2_PR_GCOV_009_003_A_156_4005_DHDH_A_20251228T105004_20251228T105039_X05009_N_F_J_001.h5
NISAR_GCOV_20260108,ESTEPA_NW_02,NISAR_GCOV,20260108,NISAR_L2_PR_GCOV_009_169_D_110_4005_DHDH_A_20260108T224424_20260108T224459_X05009_N_F_J_001,NISAR_L2_PR_GCOV_009_169_D_110_4005_DHDH_A_20260108T224424_20260108T224459_X05009_N_F_J_001.h5
PALSAR2_2023,ESTEPA_NW_02,PALSAR2_MOSAIC,2023,JAXA_global_mosaic_2023,tile S42W072
PALSAR2_2024,ESTEPA_NW_02,PALSAR2_MOSAIC,2024,JAXA_global_mosaic_2024,tile S42W072
PALSAR2_2025,ESTEPA_NW_02,PALSAR2_MOSAIC,2025,JAXA_global_mosaic_2025,tile S42W072
S1A_IW_GRD_20231017_050811_R164_297D,ESTEPA_NW_02,S1_GRD,20231017,S1A_IW_GRDH_1SDV_20231017T234208_20231017T234233_050811_061FC5_297D,S1A_IW_GRDH_1SDV_20231017T234208_20231017T234233_050811_061FC5_297D.zip
S1A_IW_GRD_20231204_051511_R164_E72A,ESTEPA_NW_02,S1_GRD,20231204,S1A_IW_GRDH_1SDV_20231204T234207_20231204T234232_051511_0637C5_E72A,S1A_IW_GRDH_1SDV_20231204T234207_20231204T234232_051511_0637C5_E72A.zip
S1A_IW_GRD_20240109_052036_R164_2C12,ESTEPA_NW_02,S1_GRD,20240109,S1A_IW_GRDH_1SDV_20240109T234205_20240109T234230_052036_0649EA_2C12,S1A_IW_GRDH_1SDV_20240109T234205_20240109T234230_052036_0649EA_2C12.zip
S1A_IW_GRD_20240226_052736_R164_4F96,ESTEPA_NW_02,S1_GRD,20240226,S1A_IW_GRDH_1SDV_20240226T234203_20240226T234228_052736_066197_4F96,S1A_IW_GRDH_1SDV_20240226T234203_20240226T234228_052736_066197_4F96.zip
S1A_IW_GRD_20251123_062011_R164_5F88,ESTEPA_NW_02,S1_GRD,20251123,S1A_IW_GRDH_1SDV_20251123T234153_20251123T234218_062011_07C1DF_5F88,S1A_IW_GRDH_1SDV_20251123T234153_20251123T234218_062011_07C1DF_5F88.zip
S1A_IW_GRD_20260110_062711_R164_5B9E,ESTEPA_NW_02,S1_GRD,20260110,S1A_IW_GRDH_1SDV_20260110T234148_20260110T234213_062711_07DD05_5B9E,S1A_IW_GRDH_1SDV_20260110T234148_20260110T234213_062711_07DD05_5B9E.zip
S1A_IW_GRD_20260227_063411_R164_7B72,ESTEPA_NW_02,S1_GRD,20260227,S1A_IW_GRDH_1SDV_20260227T234146_20260227T234211_063411_07F739_7B72,S1A_IW_GRDH_1SDV_20260227T234146_20260227T234211_063411_07F739_7B72.zip
S1A_IW_SLC_20231017_050811_R164_21D1,ESTEPA_NW_02,S1_SLC,20231017,S1A_IW_SLC__1SDV_20231017T234207_20231017T234234_050811_061FC5_21D1,S1A_IW_SLC__1SDV_20231017T234207_20231017T234234_050811_061FC5_21D1.zip
S1A_IW_SLC_20231204_051511_R164_B685,ESTEPA_NW_02,S1_SLC,20231204,S1A_IW_SLC__1SDV_20231204T234206_20231204T234233_051511_0637C5_B685,S1A_IW_SLC__1SDV_20231204T234206_20231204T234233_051511_0637C5_B685.zip
S1A_IW_SLC_20240109_052036_R164_9C65,ESTEPA_NW_02,S1_SLC,20240109,S1A_IW_SLC__1SDV_20240109T234204_20240109T234231_052036_0649EA_9C65,S1A_IW_SLC__1SDV_20240109T234204_20240109T234231_052036_0649EA_9C65.zip
S1A_IW_SLC_20240226_052736_R164_3A62,ESTEPA_NW_02,S1_SLC,20240226,S1A_IW_SLC__1SDV_20240226T234202_20240226T234229_052736_066197_3A62,S1A_IW_SLC__1SDV_20240226T234202_20240226T234229_052736_066197_3A62.zip
S1A_IW_SLC_20251123_062011_R164_7EF7,ESTEPA_NW_02,S1_SLC,20251123,S1A_IW_SLC__1SDV_20251123T234152_20251123T234219_062011_07C1DF_7EF7,S1A_IW_SLC__1SDV_20251123T234152_20251123T234219_062011_07C1DF_7EF7.zip
S1A_IW_SLC_20260110_062711_R164_A64B,ESTEPA_NW_02,S1_SLC,20260110,S1A_IW_SLC__1SDV_20260110T234147_20260110T234214_062711_07DD05_A64B,S1A_IW_SLC__1SDV_20260110T234147_20260110T234214_062711_07DD05_A64B.zip
S1A_IW_SLC_20260227_063411_R164_A651,ESTEPA_NW_02,S1_SLC,20260227,S1A_IW_SLC__1SDV_20260227T234145_20260227T234212_063411_07F739_A651,S1A_IW_SLC__1SDV_20260227T234145_20260227T234212_063411_07F739_A651.zip
S2A_L2A_20231022_R053_T19GCN,ESTEPA_NW_02,S2_L2A,20231022,S2A_MSIL2A_20231022T142711_N0510_R053_T19GCN_20241108T033139,S2A_MSIL2A_20231022T142711_N0510_R053_T19GCN_20241108T033139.zip
S2B_L2A_20231206_R053_T19GCN,ESTEPA_NW_02,S2_L2A,20231206,S2B_MSIL2A_20231206T142709_N0510_R053_T19GCN_20241114T085658,S2B_MSIL2A_20231206T142709_N0510_R053_T19GCN_20241114T085658.zip
S2A_L2A_20240110_R053_T19GCN,ESTEPA_NW_02,S2_L2A,20240110,S2A_MSIL2A_20240110T142711_N0510_R053_T19GCN_20240110T195056,S2A_MSIL2A_20240110T142711_N0510_R053_T19GCN_20240110T195056.zip
S2A_L2A_20240229_R053_T19GCN,ESTEPA_NW_02,S2_L2A,20240229,S2A_MSIL2A_20240229T142711_N0510_R053_T19GCN_20240229T190551,S2A_MSIL2A_20240229T142711_N0510_R053_T19GCN_20240229T190551.zip
S2B_L2A_20251125_R053_T19GCN,ESTEPA_NW_02,S2_L2A,20251125,S2B_MSIL2A_20251125T142709_N0511_R053_T19GCN_20251125T180610,S2B_MSIL2A_20251125T142709_N0511_R053_T19GCN_20251125T180610.zip
S2C_L2A_20260109_R053_T19GCN,ESTEPA_NW_02,S2_L2A,20260109,S2C_MSIL2A_20260109T142721_N0511_R053_T19GCN_20260109T180225,S2C_MSIL2A_20260109T142721_N0511_R053_T19GCN_20260109T180225.zip
S2B_L2A_20260305_R053_T19GCN,ESTEPA_NW_02,S2_L2A,20260305,S2B_MSIL2A_20260305T142749_N0512_R053_T19GCN_20260305T192326,S2B_MSIL2A_20260305T142749_N0512_R053_T19GCN_20260305T192326.zip
SAO1B_L1A_20251123_13870600,ESTEPA_NW_02,SAOCOM_L1A,20251123,EOL1ASARSAO1B13870600,S1B_OPER_SAR_EOSSP__CORE_L1A_OLF_20251125T074457.xemt
SAO1B_L1A_20260110_14465476,ESTEPA_NW_02,SAOCOM_L1A,20260110,EOL1ASARSAO1B14465476,S1B_OPER_SAR_EOSSP__CORE_L1A_OLF_20260225T154921.xemt
SAO1B_L1A_20260227_14489260,ESTEPA_NW_02,SAOCOM_L1A,20260227,EOL1ASARSAO1B14489260,S1B_OPER_SAR_EOSSP__CORE_L1A_OLF_20260301T235257.xemt
BIOMASS_P_20260210,ESTEPA_NW_02,BIOMASS_P,20260210,BIO_S1_SCS__1S_20260210T222704_20260210T222724_T_G01_M02_C01_T014_F192_01_DMNRGQ,BIO_S1_SCS__1S_20260210T222704_20260210T222724_T_G01_M02_C01_T014_F192_01_DMNRGQ.zip
BIOMASS_P_20260213,ESTEPA_NW_02,BIOMASS_P,20260213,BIO_S1_SCS__1S_20260213T222706_20260213T222726_T_G01_M02_C02_T014_F192_01_DMTBTU,BIO_S1_SCS__1S_20260213T222706_20260213T222726_T_G01_M02_C02_T014_F192_01_DMTBTU.zip
BIOMASS_P_20260222,ESTEPA_NW_02,BIOMASS_P,20260222,BIO_S1_SCS__1S_20260222T222711_20260222T222731_T_G01_M02_C05_T014_F192_01_DN9YJZ,BIO_S1_SCS__1S_20260222T222711_20260222T222731_T_G01_M02_C05_T014_F192_01_DN9YJZ.zip
BIOMASS_P_20260225,ESTEPA_NW_02,BIOMASS_P,20260225,BIO_S1_SCS__1S_20260225T222713_20260225T222733_T_G01_M02_C06_T014_F192_01_DNFL1T,BIO_S1_SCS__1S_20260225T222713_20260225T222733_T_G01_M02_C06_T014_F192_01_DNFL1T.zip
BIOMASS_P_20260228,ESTEPA_NW_02,BIOMASS_P,20260228,BIO_S1_SCS__1S_20260228T222715_20260228T222735_T_G01_M02_C07_T014_F192_01_DNL4PE,BIO_S1_SCS__1S_20260228T222715_20260228T222735_T_G01_M02_C07_T014_F192_01_DNL4PE.zip
BIOMASS_P_20260423,BOSQUE_NW_02,BIOMASS_P,20260423,BIO_S1_SCS__1S_20260423T223143_20260423T223204_T_G01_M03_C01_T014_F192_02_DQDA99,BIO_S1_SCS__1S_20260423T223143_20260423T223204_T_G01_M03_C01_T014_F192_02_DQDA99.zip
BIOMASS_P_20260529,BOSQUE_NW_02,BIOMASS_P,20260529,BIO_S2_SCS__1S_20260529T223206_20260529T223227_T_G01_M03_C06_T014_F192_02_DS8FMH,BIO_S2_SCS__1S_20260529T223206_20260529T223227_T_G01_M03_C06_T014_F192_02_DS8FMH.zip
BIOMASS_P_20260610,BOSQUE_NW_02,BIOMASS_P,20260610,BIO_S2_SCS__1S_20260610T223214_20260610T223234_T_G01_M03_C03_T014_F192_02_DSUO5A,BIO_S2_SCS__1S_20260610T223214_20260610T223234_T_G01_M03_C03_T014_F192_02_DSUO5A.zip
BIOMASS_P_20260630,BOSQUE_NW_02,BIOMASS_P,20260630,BIO_S2_SCS__1S_20260630T110117_20260630T110137_T_G01_M03_CDR_T036_F274_02_DTUJGO,BIO_S2_SCS__1S_20260630T110117_20260630T110137_T_G01_M03_CDR_T036_F274_02_DTUJGO.zip
