AOI,h_canopy_m,h_max_canopy_m,h_canopy_uncertainty_m,h_te_uncertainty_m,n_ca_photons,n_te_photons,granule,date,beam,longitude,latitude,landcover,umbral extremo 3IQR,extremo 3IQR
Bosque,132.5576171875,132.5576171875,,,24.0,1.0,ATL08_20221116210454_08721713_007_01.h5,2022-11-16,gt2l,-71.49756622314453,-42.691925048828125,Bosque cerrado desconocido,57.5001220703125,1
Bosque,118.3690185546875,118.3690185546875,,,24.0,2.0,ATL08_20211118142535_08721313_007_01.h5,2021-11-18,gt2r,-71.44102478027344,-42.61943435668945,Bosque cerrado desconocido,57.5001220703125,1
Bosque,59.681884765625,59.681884765625,,,27.0,4.0,ATL08_20210216151542_08341009_007_01.h5,2021-02-16,gt3l,-71.57710266113281,-42.682430267333984,Bosque abierto desconocido,57.5001220703125,1
Bosque,58.8623046875,64.7706298828125,,,60.0,2.0,ATL08_20210216151542_08341009_007_01.h5,2021-02-16,gt1l,-71.49546813964844,-42.673744201660156,Bosque cerrado desconocido,57.5001220703125,1
Bosque,53.9595947265625,53.9595947265625,,,33.0,2.0,ATL08_20190223140731_08720213_007_01.h5,2019-02-23,gt3r,-71.49761199951172,-42.6760368347168,Bosque cerrado desconocido,57.5001220703125,0
Bosque,49.6431884765625,49.6431884765625,,,27.0,2.0,ATL08_20190223140731_08720213_007_01.h5,2019-02-23,gt3r,-71.4991455078125,-42.66450881958008,Bosque abierto desconocido,57.5001220703125,0
Bosque,48.1351318359375,51.6741943359375,,,51.0,5.0,ATL08_20210216151542_08341009_007_01.h5,2021-02-16,gt1r,-71.49662017822266,-42.6756477355957,Bosque cerrado perennifolio latifolio,57.5001220703125,0
Bosque,39.1644287109375,39.1644287109375,,,32.0,4.0,ATL08_20221116210454_08721713_007_01.h5,2022-11-16,gt2l,-71.49828338623047,-42.68655776977539,Bosque cerrado desconocido,57.5001220703125,0
Bosque,38.572998046875,38.572998046875,,,40.0,2.0,ATL08_20210216151542_08341009_007_01.h5,2021-02-16,gt2r,-71.52909851074219,-42.60405731201172,Bosque cerrado perennifolio latifolio,57.5001220703125,0
Bosque,37.84375,38.29638671875,,,44.0,1.0,ATL08_20221116210454_08721713_007_01.h5,2022-11-16,gt1l,-71.54203796386719,-42.661319732666016,Bosque cerrado perennifolio latifolio,57.5001220703125,0
Bosque,37.8302001953125,40.0426025390625,,,53.0,4.0,ATL08_20221116210454_08721713_007_01.h5,2022-11-16,gt1l,-71.55170440673828,-42.58707046508789,Bosque cerrado desconocido,57.5001220703125,0
Bosque,37.13134765625,37.13134765625,,,20.0,4.0,ATL08_20210216151542_08341009_007_01.h5,2021-02-16,gt1l,-71.4908447265625,-42.62820053100586,Bosque cerrado perennifolio latifolio,57.5001220703125,0
Bosque,36.1241455078125,36.1241455078125,,,41.0,5.0,ATL08_20240213232239_08722213_007_01.h5,2024-02-13,gt2l,-71.49297332763672,-42.60329055786133,Bosque cerrado desconocido,57.5001220703125,0
Bosque,36.1129150390625,37.499755859375,,,140.0,4.0,ATL08_20181124182732_08720113_007_02.h5,2018-11-24,gt2r,-71.50445556640625,-42.6685791015625,Bosque cerrado perennifolio latifolio,57.5001220703125,0
Bosque,35.958740234375,35.958740234375,,,42.0,3.0,ATL08_20221116210454_08721713_007_01.h5,2022-11-16,gt1l,-71.54878997802734,-42.609432220458984,Bosque cerrado perennifolio latifolio,57.5001220703125,0
Bosque,35.8787841796875,35.8787841796875,,,32.0,4.0,ATL08_20221116210454_08721713_007_01.h5,2022-11-16,gt1l,-71.53948974609375,-42.680999755859375,Bosque cerrado desconocido,57.5001220703125,0
Bosque,35.506591796875,35.506591796875,,,32.0,4.0,ATL08_20220214215513_08341409_007_01.h5,2022-02-14,gt2r,-71.42675018310547,-42.57046127319336,Bosque cerrado desconocido,57.5001220703125,0
Bosque,35.2247314453125,35.2247314453125,132.87767028808594,130.08724975585938,32.0,10.0,ATL08_20200221204631_08720613_007_01.h5,2020-02-21,gt1l,-71.52332305908203,-42.67804718017578,Bosque cerrado perennifolio latifolio,57.5001220703125,0
Bosque,35.03082275390625,35.03082275390625,93.18964385986328,122.7105941772461,33.0,8.0,ATL08_20210216151542_08341009_007_01.h5,2021-02-16,gt3l,-71.5740737915039,-42.65456008911133,Bosque cerrado perennifolio latifolio,57.5001220703125,0
Bosque,34.8446044921875,39.382568359375,,,54.0,4.0,ATL08_20210216151542_08341009_007_01.h5,2021-02-16,gt2r,-71.52883911132812,-42.60200119018555,Bosque cerrado perennifolio latifolio,57.5001220703125,0
Bosque,34.6676025390625,35.7684326171875,,,42.0,5.0,ATL08_20220214215513_08341409_007_01.h5,2022-02-14,gt3r,-71.47602844238281,-42.63955307006836,Bosque cerrado perennifolio latifolio,57.5001220703125,0
Bosque,34.4127197265625,34.4127197265625,,,40.0,3.0,ATL08_20221116210454_08721713_007_01.h5,2022-11-16,gt2l,-71.50715637207031,-42.618568420410156,Bosque cerrado perennifolio latifolio,57.5001220703125,0
Bosque,34.3966064453125,34.3966064453125,133.0549774169922,100.26158905029297,26.0,14.0,ATL08_20240213232239_08722213_007_01.h5,2024-02-13,gt2l,-71.48822021484375,-42.63997268676758,Arbustos,57.5001220703125,0
Bosque,34.3548583984375,34.3548583984375,,,41.0,6.0,ATL08_20240213232239_08722213_007_01.h5,2024-02-13,gt2r,-71.4874267578125,-42.63720703125,Bosque cerrado desconocido,57.5001220703125,0
Bosque,34.3514404296875,43.6982421875,,,61.0,9.0,ATL08_20190223140731_08720213_007_01.h5,2019-02-23,gt3l,-71.5003890991211,-42.66368865966797,Bosque cerrado desconocido,57.5001220703125,0
Bosque,34.2835693359375,34.2835693359375,,,45.0,5.0,ATL08_20210216151542_08341009_007_01.h5,2021-02-16,gt1l,-71.49063873291016,-42.62622833251953,Bosque cerrado desconocido,57.5001220703125,0
Bosque,34.0,34.9058837890625,,,46.0,4.0,ATL08_20221116210454_08721713_007_01.h5,2022-11-16,gt1l,-71.54995727539062,-42.600486755371094,Bosque cerrado caducifolio latifolio,57.5001220703125,0
Bosque,33.887451171875,33.887451171875,,,27.0,3.0,ATL08_20210216151542_08341009_007_01.h5,2021-02-16,gt3l,-71.56916046142578,-42.60967254638672,Bosque cerrado perennifolio latifolio,57.5001220703125,0
Bosque,33.8140869140625,33.9310302734375,,,72.0,1.0,ATL08_20190223140731_08720213_007_01.h5,2019-02-23,gt2r,-71.54779815673828,-42.60033416748047,Bosque cerrado perennifolio latifolio,57.5001220703125,0
Bosque,33.77294921875,33.94482421875,,,62.0,3.0,ATL08_20190223140731_08720213_007_01.h5,2019-02-23,gt2r,-71.54686737060547,-42.60749053955078,Bosque cerrado perennifolio latifolio,57.5001220703125,0
Estepa,120.06396484375,120.06396484375,,,30.0,3.0,ATL08_20200321192235_13140613_007_01.h5,2020-03-21,gt2l,-71.20777130126953,-42.79978561401367,Herbáceas,30.649169921875,1
Estepa,82.9097900390625,107.752197265625,,,45.0,5.0,ATL08_20220315203118_12761409_007_01.h5,2022-03-15,gt2r,-71.20275115966797,-42.84321212768555,Herbáceas,30.649169921875,1
Estepa,76.7574462890625,94.9478759765625,,,46.0,5.0,ATL08_20201216181154_12760909_007_01.h5,2020-12-16,gt2r,-71.18589782714844,-42.71493911743164,Herbáceas,30.649169921875,1
Estepa,52.5238037109375,52.5238037109375,,,35.0,5.0,ATL08_20201216181154_12760909_007_01.h5,2020-12-16,gt1r,-71.14900207519531,-42.74155807495117,Arbustos,30.649169921875,1
Estepa,50.8614501953125,50.8614501953125,,,25.0,4.0,ATL08_20250309162709_12762609_007_01.h5,2025-03-09,gt3l,-71.1756362915039,-42.83357238769531,Herbáceas,30.649169921875,1
Estepa,43.8465576171875,49.1834716796875,,,37.0,4.0,ATL08_20201216181154_12760909_007_01.h5,2020-12-16,gt1r,-71.15805053710938,-42.811336517333984,Herbáceas,30.649169921875,1
Estepa,36.18621826171875,37.5760498046875,,,43.0,4.0,ATL08_20230113181657_03691813_007_01.h5,2023-01-13,gt2l,-71.14117431640625,-42.81037139892578,Vegetación escasa/suelo desnudo,30.649169921875,1
Estepa,35.0748291015625,37.7916259765625,,,33.0,1.0,ATL08_20201216181154_12760909_007_01.h5,2020-12-16,gt1r,-71.14909362792969,-42.74227523803711,Arbustos,30.649169921875,1
Estepa,32.0477294921875,32.0477294921875,,,35.0,3.0,ATL08_20260310111526_13143013_007_01.h5,2026-03-10,gt3r,-71.19700622558594,-42.81201934814453,Herbáceas,30.649169921875,1
Estepa,32.0078125,32.0078125,,,41.0,3.0,ATL08_20201216181154_12760909_007_01.h5,2020-12-16,gt1r,-71.14488220214844,-42.7096061706543,Herbáceas,30.649169921875,1
Estepa,31.6361083984375,36.23486328125,,,144.0,2.0,ATL08_20250309162709_12762609_007_01.h5,2025-03-09,gt3r,-71.17626190185547,-42.831180572509766,Herbáceas,30.649169921875,1
Estepa,29.647216796875,29.647216796875,,,32.0,1.0,ATL08_20260310111526_13143013_007_01.h5,2026-03-10,gt3r,-71.19535827636719,-42.82454299926758,Herbáceas,30.649169921875,0
Estepa,29.206787109375,29.206787109375,,,30.0,4.0,ATL08_20260310111526_13143013_007_01.h5,2026-03-10,gt3r,-71.19817352294922,-42.80307388305664,Bosque cerrado desconocido,30.649169921875,0
Estepa,29.20654296875,29.20654296875,,,33.0,5.0,ATL08_20220315203118_12761409_007_01.h5,2022-03-15,gt1r,-71.14496612548828,-42.70988464355469,Herbáceas,30.649169921875,0
Estepa,28.775390625,28.9686279296875,,,52.0,5.0,ATL08_20200321192235_13140613_007_01.h5,2020-03-21,gt2l,-71.20421600341797,-42.82950973510742,Herbáceas,30.649169921875,0
Estepa,28.7193603515625,28.7193603515625,,,40.0,4.0,ATL08_20230414135645_03691913_007_01.h5,2023-04-14,gt3r,-71.02872467041016,-42.736595153808594,Herbáceas,30.649169921875,0
Estepa,27.712890625,33.1180419921875,,,82.0,1.0,ATL08_20230113181657_03691813_007_01.h5,2023-01-13,gt2l,-71.15052032470703,-42.742610931396484,Arbustos,30.649169921875,0
Estepa,26.8319091796875,26.8319091796875,,,20.0,2.0,ATL08_20260310111526_13143013_007_01.h5,2026-03-10,gt3r,-71.19877624511719,-42.79860305786133,Herbáceas,30.649169921875,0
Estepa,26.59515380859375,26.59515380859375,14.124895095825195,10.487016677856445,21.0,74.0,ATL08_20191219113241_12760509_007_01.h5,2019-12-19,gt1l,-71.03091430664062,-42.8424072265625,Humedal herbáceo,30.649169921875,0
Estepa,26.0692138671875,26.0692138671875,,,35.0,4.0,ATL08_20230414135645_03691913_007_01.h5,2023-04-14,gt3r,-71.02825164794922,-42.74017333984375,Herbáceas,30.649169921875,0
Estepa,26.0621337890625,26.23095703125,,,35.0,1.0,ATL08_20220315203118_12761409_007_01.h5,2022-03-15,gt1r,-71.15062713623047,-42.75372314453125,Herbáceas,30.649169921875,0
Estepa,25.761474609375,25.761474609375,,,29.0,3.0,ATL08_20220315203118_12761409_007_01.h5,2022-03-15,gt2r,-71.1977310180664,-42.80474853515625,Herbáceas,30.649169921875,0
Estepa,25.6337890625,25.996337890625,,,61.0,2.0,ATL08_20201216181154_12760909_007_01.h5,2020-12-16,gt1r,-71.14551544189453,-42.714542388916016,Herbáceas,30.649169921875,0
Estepa,25.6280517578125,25.6280517578125,,,45.0,5.0,ATL08_20201216181154_12760909_007_01.h5,2020-12-16,gt1r,-71.14801025390625,-42.73405075073242,Vegetación escasa/suelo desnudo,30.649169921875,0
Estepa,25.5849609375,26.238525390625,,,45.0,5.0,ATL08_20220315203118_12761409_007_01.h5,2022-03-15,gt2r,-71.19843292236328,-42.810115814208984,Herbáceas,30.649169921875,0
Estepa,25.3804931640625,25.3804931640625,,,40.0,3.0,ATL08_20200321192235_13140613_007_01.h5,2020-03-21,gt2l,-71.20930480957031,-42.78562927246094,Herbáceas,30.649169921875,0
Estepa,25.3133544921875,25.3133544921875,50.40927505493164,36.27082443237305,33.0,36.0,ATL08_20190620201301_12760309_007_01.h5,2019-06-20,gt1r,-71.16217803955078,-42.842281341552734,Arbustos,30.649169921875,0
Estepa,25.042724609375,25.042724609375,143.53482055664062,109.66572570800781,35.0,11.0,ATL08_20260310111526_13143013_007_01.h5,2026-03-10,gt3r,-71.19770050048828,-42.8066520690918,Herbáceas,30.649169921875,0
Estepa,24.98193359375,25.552978515625,,,47.0,2.0,ATL08_20200321192235_13140613_007_01.h5,2020-03-21,gt2r,-71.2098617553711,-42.77068328857422,Herbáceas,30.649169921875,0
Estepa,24.8531494140625,25.6566162109375,,,74.0,4.0,ATL08_20201216181154_12760909_007_01.h5,2020-12-16,gt1r,-71.14540100097656,-42.713645935058594,Herbáceas,30.649169921875,0
