shot_number,este_utm19s,norte_utm19s,altura_dosel_rh95_m,rh98_m,cover,pai,fhd_normal,pendiente_grados
334320000400262730,287250.7,5276225.6,15.34,16.05,0.86589545,4.0283723,2.649114,19.38
334320000400262741,287776.7,5275890.0,15.08,15.79,0.832541,3.5812595,2.5946863,6.96
334320000400262742,287824.8,5275859.4,18.44,19.16,0.84492195,3.73579,2.9372244,8.61
334320000400262746,288018.1,5275736.7,16.98,17.73,0.8592626,3.9311304,2.7859378,10.09
334320000400262747,288066.5,5275706.0,20.32,21.1,0.8388103,3.658015,2.9825199,18.24
334320000400262754,288405.6,5275490.9,4.6,5.35,0.22224572,0.50276715,1.8293065,7.14
334320000400262766,288966.8,5275130.3,22.75,23.5,0.80341744,3.2589264,3.1238093,12.46
334320000400262785,289918.8,5274523.3,7.03,7.89,0.22509372,0.5101066,1.9636139,17.60
334320000400262792,290257.9,5274308.4,5.87,6.66,0.33504927,0.8163016,1.8477969,11.53
334320000400262799,290645.6,5274062.6,2.28,2.73,0.00787494,0.015812293,1.1618276,9.48
334320000400262858,293480.1,5272254.0,16.91,17.62,0.7830971,3.0613337,2.8113256,17.42
334320000400262859,293528.2,5272223.3,19.64,20.35,0.8253821,3.497079,2.847344,9.35
334320000400262866,293865.3,5272008.1,24.84,25.55,0.7640784,2.8925807,3.1357567,14.14
334320000400262877,294398.2,5271668.3,10.06,10.81,0.6246156,1.9611595,2.3359659,8.04
334320000400262885,294778.7,5271423.8,10.59,11.26,0.6973466,2.3928478,2.246402,15.40
334320000400262886,294826.5,5271393.2,11.11,12.23,0.47899526,1.3045977,2.4505193,14.22
334320000400262908,295872.2,5270722.4,14.25,15.75,0.47704056,1.2971005,2.7442594,13.24
334320000400262910,295967.8,5270661.4,12.98,13.8,0.82951486,3.5452464,2.5159097,5.96
334320000400262917,296302.3,5270447.8,23.61,24.62,0.89045644,4.4363313,3.0911849,11.06
334320000400262924,296637.4,5270233.9,20.43,21.21,0.51602834,1.4522293,3.0489526,3.32
334320100400258132,287595.5,5275271.0,10.62,11.71,0.5780636,1.7269207,2.306556,17.98
334320100400258139,287934.9,5275055.8,2.35,2.95,0.07672617,0.15966605,1.4325758,8.83
334320100400258140,287983.0,5275025.2,8.15,8.94,0.43131748,1.1292939,2.2025645,5.12
334320100400258143,288126.5,5274933.7,10.7,11.6,0.7964324,3.1886446,2.332261,12.11
334320100400258144,288174.6,5274903.1,11.48,12.19,0.36742613,0.9161877,2.3993149,10.76
334320100400258145,288222.7,5274872.5,7.03,7.89,0.2714164,0.63342905,2.1359897,9.79
334320100400258157,288784.5,5274511.1,23.65,24.51,0.8521368,3.8314607,3.1231604,18.00
334320100400258158,288832.4,5274480.6,14.33,15.26,0.5027275,1.3979236,2.7479188,13.17
334320100400258180,289929.8,5273781.2,9.09,9.76,0.6482223,2.091274,2.2060218,14.09
334320100400258188,290367.8,5273504.4,2.35,2.84,0.01921989,0.038814407,1.2603475,6.39
334320100400258197,290800.7,5273229.1,6.47,7.14,0.18598647,0.41160667,1.9975317,14.28
334320100400258205,291182.7,5272985.0,7.55,8.49,0.33697912,0.8221123,2.1536248,18.68
334320100400258208,291328.1,5272892.7,4.26,4.82,0.097800575,0.20585148,1.7376562,14.38
334320100400258210,291423.2,5272831.7,7.82,8.45,0.473587,1.2839079,2.053261,13.72
334320100400258211,291471.5,5272801.0,3.81,4.6,0.17316055,0.38033202,1.6708672,14.27
334320100400258216,291712.2,5272647.6,9.01,9.76,0.6285542,1.9822546,2.2421548,15.66
334320100400258221,291953.7,5272493.8,10.89,11.48,0.72147775,2.559414,2.3109097,14.32
334320100400258227,292240.4,5272310.5,7.85,8.53,0.550818,1.6015948,2.1124184,2.72
334320100400258228,292288.4,5272279.8,9.01,9.72,0.6179731,1.9259758,2.1917205,1.57
334320100400258229,292336.3,5272249.2,4.75,5.46,0.20365563,0.45550892,1.7386589,5.16
334320100400258250,293354.3,5271601.9,5.95,6.58,0.17958272,0.3959306,1.8015198,17.98
334320100400258263,293977.1,5271203.5,13.92,14.85,0.77763265,3.0112572,2.616676,15.78
334320100400258266,294121.1,5271111.3,3.36,4.07,0.0028343715,0.005676801,0.7831452,10.74
334320100400258283,294931.7,5270590.9,23.61,24.51,0.8616062,3.9647136,3.2064147,19.46
334320100400258295,295502.1,5270224.6,14.93,15.71,0.89095306,4.4451604,2.5703866,9.83
334320200400263202,288477.9,5274169.0,19.57,20.39,0.81163496,3.3435361,2.9440022,18.30
334320200400263203,288524.7,5274138.8,21.26,22.15,0.90675455,4.7584147,3.0209,16.85
334320200400263209,288809.1,5273956.4,19.57,20.69,0.85587585,3.8814268,2.9756799,14.16
334320200400263218,289236.8,5273682.5,2.02,2.5,0.017038738,0.034371406,1.2466002,1.18
334320200400263220,289332.6,5273621.4,6.47,7.18,0.35247174,0.8693844,1.9628024,2.47
334320200400263230,289816.4,5273314.8,10.4,11.64,0.6570607,2.1419365,2.300181,13.63
334320200400263233,289962.8,5273222.5,4.9,5.76,0.026203677,0.053106867,1.8522432,14.80
334320200400263235,290059.9,5273161.2,3.18,3.74,0.05159629,0.10595261,1.5252862,10.49
334320200400263239,290251.7,5273039.1,8.57,9.24,0.58118767,1.7416021,2.2080333,12.59
334320200400263242,290395.4,5272947.6,5.2,5.91,0.18269958,0.40353653,1.8014998,7.09
334320200400263243,290443.2,5272917.2,7.03,7.71,0.37771368,0.9489502,1.9929897,11.25
334320200400263258,291167.0,5272458.4,3.59,4.22,0.012723634,0.025610695,1.4204875,13.02
334320200400263262,291358.4,5272336.6,20.36,21.11,0.68947953,2.340916,2.9584754,9.91
334320200400263263,291405.9,5272306.2,21.41,22.42,0.5553304,1.6216419,3.0413728,9.44
334320200400263270,291742.1,5272092.5,7.03,7.67,0.5634974,1.6587592,2.009572,13.37
334320200400263272,291838.9,5272031.2,23.16,24.36,0.90959513,4.8208528,3.0872579,16.74
334320200400263274,291935.8,5271969.8,18.82,19.57,0.8058789,3.283105,2.9269557,13.73
334320200400263275,291984.4,5271939.1,13.54,14.29,0.90595174,4.7411213,2.550398,16.14
334320200400263277,292079.8,5271878.2,25.9,26.76,0.8871585,4.37387,3.195532,14.46
334320200400263279,292176.4,5271816.8,21.59,22.57,0.7220645,2.5631218,3.091517,19.18
334320200400263280,292225.0,5271786.1,27.28,28.44,0.8902489,4.429812,3.2570028,19.46
334320200400263281,292273.8,5271755.3,16.88,17.77,0.39201266,0.9954691,2.9106252,17.52
334320200400263282,292322.2,5271724.6,25.07,26.53,0.7214082,2.5583932,3.1969662,19.28
334320200400263285,292468.2,5271632.2,25.67,26.46,0.8996693,4.6106954,3.207591,16.88
334320200400263304,293387.9,5271048.1,3.18,4.15,0.08118673,0.1693514,1.6930311,12.24
334320200400263320,294151.9,5270559.1,13.4,14.03,0.61214596,1.8953965,2.5260625,10.09
334320200400263322,294247.7,5270497.8,14.67,15.38,0.76853836,2.930051,2.5859928,5.94
334320200400263325,294391.2,5270406.0,13.69,14.56,0.8217655,3.4545496,2.5258784,9.75
334320200400263327,294487.1,5270344.8,14.29,15.34,0.807463,3.2995555,2.483898,5.66
334320300400258248,287531.6,5274038.4,11.86,12.87,0.5168669,1.4555335,2.5260534,18.70
334320300400258249,287579.5,5274007.8,12.91,13.81,0.88206863,4.284811,2.4806192,19.38
334320300400258251,287675.4,5273946.7,16.2,16.99,0.8740144,4.151831,2.7608857,13.95
334320300400258253,287771.3,5273885.5,11.0,11.9,0.9055597,4.7324514,2.30463,17.85
334320300400258259,288055.9,5273702.9,26.38,27.32,0.92465544,5.1886435,3.2487001,12.53
334320300400258260,288104.0,5273672.2,14.33,15.57,0.42757496,1.1160823,2.6968887,17.14
334320300400258267,288438.6,5273458.5,23.84,25.45,0.90911037,4.8097677,3.1432378,15.23
334320300400258275,288816.0,5273215.5,8.57,9.17,0.5736562,1.7058933,2.113922,2.10
334320300400258279,289007.7,5273093.3,5.57,6.25,0.31574503,0.7589948,1.7871754,0.53
334320300400258280,289055.6,5273062.8,6.84,7.48,0.54634833,1.5815858,1.9016876,2.39
334320300400258282,289151.8,5273001.6,12.23,13.32,0.79117745,3.1364894,2.4391394,16.50
334320300400258290,289541.8,5272755.7,8.64,9.5,0.3159729,0.7596612,2.3014743,10.64
334320300400258293,289684.9,5272664.3,6.4,7.14,0.3454345,0.8477516,1.8848382,8.05
334320300400258294,289733.2,5272633.6,4.97,5.98,0.05355314,0.11008365,1.9577403,9.81
334320300400258305,290261.2,5272297.8,8.01,8.98,0.28195173,0.6625459,2.1816108,17.16
334320300400258310,290504.4,5272144.4,11.26,12.16,0.75921196,2.8507478,2.3677473,18.90
334320300400258319,290939.8,5271869.0,27.73,28.67,0.9129048,4.8958387,3.318416,13.92
334320300400258320,290987.5,5271838.6,22.27,23.35,0.7408106,2.7030704,3.0058293,13.44
334320300400258324,291178.9,5271716.7,19.95,20.99,0.82456833,3.4862726,2.938173,9.87
334320300400258328,291372.7,5271594.2,18.9,19.72,0.74487007,2.734724,2.8549807,13.61
334320300400258330,291469.4,5271533.0,17.81,18.86,0.81049234,3.3312962,2.8862462,15.02
334320300400258332,291565.8,5271471.9,24.51,25.26,0.910078,4.83137,3.0799456,12.69
334320300400258333,291614.5,5271441.2,14.86,15.64,0.8369592,3.6334114,2.6798663,17.55
334320300400258335,291711.3,5271379.9,24.81,25.93,0.80630225,3.2873933,3.1269147,17.34
334320300400258338,291857.8,5271287.7,5.5,6.36,0.062162533,0.12836097,1.943922,17.61
334320300400258339,291905.6,5271257.2,18.11,19.16,0.7027084,2.4281268,2.931766,15.05
334320300400258340,291954.6,5271226.4,4.19,5.01,0.0109641235,0.022049453,1.7969954,11.07
334320300400258343,292099.5,5271134.5,16.76,17.7,0.89848214,4.586731,2.8524039,14.30
334320300400258345,292196.7,5271073.1,8.9,9.76,0.4693638,1.2678022,2.1172216,12.32
334320300400258346,292244.9,5271042.4,9.69,10.66,0.5286847,1.5051115,2.253386,7.89
334320300400258347,292293.3,5271011.7,5.42,6.28,0.12404004,0.26488605,1.791501,6.43
334320300400258350,292437.8,5270919.8,6.43,7.41,0.16195421,0.35339445,1.854208,16.47
334320300400258363,293064.9,5270521.0,10.63,12.01,0.54872197,1.5920892,2.3954084,19.37
334320300400258365,293162.1,5270459.5,2.76,3.33,0.053193778,0.10932436,1.2815437,6.07
334320300400258366,293210.2,5270428.8,3.55,4.19,0.11252244,0.23875724,1.44968,7.54
334320500400258177,287244.1,5273192.6,12.64,14.25,0.3214985,0.7759407,2.704455,9.40
334320500400258178,287292.7,5273161.9,12.68,13.58,0.42366374,1.1025636,2.5676618,12.88
334320500400258181,287439.0,5273069.7,5.35,6.43,0.09199639,0.19302522,2.087855,17.30
334320500400258182,287487.0,5273039.2,6.02,7.22,0.31479046,0.75625384,1.965008,12.55
334320500400258183,287534.8,5273008.7,12.23,12.94,0.82111406,3.4488244,2.369157,13.39
334320500400258198,288231.8,5272556.7,6.21,7.03,0.4044814,1.0370263,1.9305245,7.21
334320500400258199,288279.8,5272526.2,2.24,2.76,0.037374955,0.07618435,1.2285601,2.21
334320500400258200,288327.8,5272495.7,6.92,7.78,0.350656,0.8638416,2.1180053,1.73
334320500400258201,288375.8,5272465.2,2.2,2.73,0.028154744,0.057118353,1.3889598,0.63
334320500400258202,288423.8,5272434.7,2.09,2.58,0.007788668,0.015638389,1.3670412,0.89
334320500400258203,288471.8,5272404.2,2.17,2.69,0.039253622,0.08009156,1.376786,0.77
334320500400258204,288519.8,5272373.7,2.02,2.54,0.034539122,0.07030087,1.2710332,0.52
334320500400258205,288567.9,5272343.1,2.02,2.5,0.02020005,0.040814217,1.3199615,0.63
334320500400258206,288615.8,5272312.6,2.02,2.5,0.002939198,0.005887062,0.947291,0.82
334320500400258207,288663.8,5272282.1,2.05,2.58,0.023135789,0.046815895,1.4960518,1.05
334320500400258208,288711.8,5272251.6,1.98,2.43,0.022856055,0.046243247,1.3003961,1.33
334320500400258209,288759.8,5272221.1,2.05,2.58,0.03118497,0.06336435,1.4169941,1.29
334320500400258210,288807.8,5272190.6,2.13,2.65,0.018539242,0.03742691,1.5338402,1.92
334320500400258211,288855.8,5272160.1,6.13,7.25,0.18491574,0.4089806,2.0364537,3.25
334320500400258214,289003.2,5272067.7,2.69,3.4,0.035228975,0.07173052,1.7127397,15.76
334320500400258215,289051.2,5272037.2,3.06,3.7,0.037407413,0.07625179,1.3835883,4.80
334320500400258216,289099.1,5272006.7,4.78,5.8,0.25642934,0.592698,1.8305224,3.68
334320500400258217,289147.2,5271976.1,4.07,4.9,0.12197746,0.26018694,1.7413287,6.99
334320500400258218,289195.7,5271945.5,3.77,4.71,0.007754955,0.015570434,0.74294597,11.26
334320500400258219,289244.1,5271914.8,3.21,4.04,0.037747964,0.07695952,1.8063791,10.89
334320500400258220,289292.2,5271884.3,9.5,10.58,0.42995936,1.1245505,2.3017948,13.82
334320500400258221,289340.8,5271853.6,4.41,5.42,0.14581768,0.31525227,1.902613,17.66
334320500400258222,289389.5,5271822.9,4.22,5.12,0.028725816,0.058293972,1.8847734,16.27
334320500400258228,289683.5,5271638.0,7.33,8.49,0.41818723,1.0836327,2.0804942,17.77
334320500400258229,289731.9,5271607.3,8.38,9.54,0.28320247,0.6660708,2.3439786,9.75
334320500400258230,289779.3,5271576.9,23.83,25.07,0.90045667,4.6303697,3.1389544,13.87
334320500400258231,289827.3,5271546.3,9.35,10.96,0.18534471,0.41003373,2.5341816,7.22
334320500400258232,289875.7,5271515.6,16.2,17.13,0.75923485,2.8519688,2.7959404,13.80
334320500400258233,289924.3,5271484.8,4.3,5.35,0.104286425,0.22028407,1.9804074,19.28
334320500400258242,290366.9,5271206.7,25.63,28.1,0.9375017,5.5744553,3.1963618,17.84
334320500400258243,290416.1,5271175.7,9.39,10.29,0.32185423,0.7769902,2.1881795,13.78
334320500400258244,290463.9,5271145.1,14.81,15.9,0.88777065,4.3880377,2.6777446,13.31
334320500400258247,290605.4,5271053.9,17.21,18.41,0.41657484,1.0780929,2.9032247,16.53
334320500400258248,290653.2,5271023.3,11.22,13.73,0.33211902,0.8075122,2.647806,14.39
334320500400258249,290699.9,5270992.9,20.5,22.75,0.63901174,2.0396,3.0061986,11.88
334320500400258252,290846.2,5270900.5,19.34,21.03,0.46196812,1.2402405,3.0658495,18.21
334320500400258258,291129.0,5270717.9,23.83,25.07,0.851468,3.823,3.1681826,15.78
334320600400967042,287706.9,5272159.5,8.53,9.76,0.48098382,1.3122733,2.224045,19.19
334320600400967046,287893.8,5272038.5,6.21,6.99,0.5235052,1.4834318,1.8781042,10.00
334320600400967048,287989.7,5271977.5,1.98,2.43,0.027769962,0.05632661,1.3305846,0.29
334320600400967049,288037.7,5271947.0,2.02,2.46,0.032464463,0.06600753,1.4245592,0.39
334320600400967050,288085.7,5271916.5,2.28,2.8,0.05707276,0.11753642,1.1886332,0.95
334320600400967051,288133.8,5271886.0,2.39,2.95,0.057890166,0.11927106,1.4609071,1.19
334320600400967052,288181.7,5271855.5,2.76,3.48,0.08142885,0.16988048,1.5058808,1.20
334320600400967053,288229.8,5271824.9,2.13,2.61,0.0448845,0.0918485,1.320599,1.48
334320600400967054,288277.9,5271794.4,2.05,2.58,0.0062188506,0.012476582,1.1573557,2.41
334320600400967055,288325.9,5271763.9,2.24,2.84,0.053298157,0.10954573,1.5211273,5.19
334320600400967056,288374.1,5271733.4,4.0,4.86,0.0434246,0.088793665,1.7281414,9.83
334320600400967057,288422.4,5271702.8,6.47,7.63,0.35219026,0.86857224,2.0151322,10.39
334320600400967058,288470.9,5271672.2,3.96,4.67,0.033694446,0.068551764,1.6430354,14.93
334320600400967059,288519.5,5271641.6,5.01,5.98,0.21547718,0.48543394,1.8826404,12.92
334320600400967060,288567.7,5271611.0,3.51,4.19,0.15575165,0.33865258,1.639416,5.01
334320600400967061,288615.7,5271580.5,6.58,7.55,0.3262931,0.790129,2.0678375,5.21
334320600400967062,288663.8,5271550.0,3.4,4.19,0.13769016,0.29630816,1.6839548,8.25
334320600400967076,289441.6,5271059.5,26.15,27.91,0.86154,3.9643,3.1460185,13.87
334320600400967077,289489.9,5271028.9,20.84,21.81,0.76846975,2.9304326,2.9451191,5.38
334320600400967078,289537.7,5270998.4,24.8,26.3,0.8560962,3.8866205,3.1217132,7.83
334320600400967079,289586.1,5270967.7,26.49,27.24,0.9412084,5.6985884,3.1832838,4.16
334320600400967088,290031.2,5270689.7,3.51,4.41,0.0071083303,0.014267489,1.0272925,15.83
334320600400967089,290079.7,5270658.9,3.89,5.08,0.119236715,0.25395238,1.9029416,11.40
334320600400967090,290127.7,5270628.3,6.51,7.29,0.3690141,0.92123395,1.9269495,7.52
334320600400967091,290175.4,5270597.8,15.9,16.87,0.5419697,1.5625803,2.6911976,5.68
334320600400967092,290223.7,5270567.1,12.34,13.09,0.7170353,2.5278397,2.562146,17.46
334320600400967093,290273.0,5270536.2,4.64,6.06,0.066120505,0.13682133,2.1914287,19.92
334320600400967094,290321.7,5270505.4,2.35,2.91,0.012290991,0.024734478,1.0066893,10.70
334320600400967095,290369.2,5270474.9,13.28,14.03,0.5374062,1.542725,2.5652213,8.84
334320600400967096,290417.4,5270444.2,7.37,8.3,0.3768399,0.9462114,2.049989,13.30
334320800400262636,287338.8,5271381.8,21.8,23.79,0.8317477,3.57409,2.8051064,6.77
334320800400262637,287386.9,5271351.2,25.36,26.44,0.8206993,3.445978,3.1117349,19.83
334320800400262638,287434.0,5271320.8,8.19,9.95,0.4819735,1.3162752,2.1408784,17.83
334320800400262639,287481.3,5271290.3,6.02,7.63,0.09158541,0.1921231,2.3522663,17.96
334320800400262640,287528.6,5271259.9,4.82,6.17,0.015052185,0.030333584,1.9135307,16.68
334320800400262641,287576.0,5271229.4,6.65,7.78,0.432185,1.1325042,1.9555084,5.54
334320800400262642,287624.1,5271198.7,3.29,4.15,0.08959391,0.18774268,1.6167369,6.70
334320800400262643,287671.8,5271168.2,4.0,4.9,0.007410502,0.014876275,0.8701236,15.40
334320800400262645,287766.1,5271107.3,3.44,4.37,0.047816515,0.09799871,1.7792087,15.14
334320800400262646,287813.6,5271076.8,8.52,9.27,0.6207076,1.9408965,2.1252885,4.62
334320800400262647,287861.5,5271046.1,6.77,7.48,0.56762445,1.678344,1.9361907,4.84
334320800400262648,287909.3,5271015.5,5.57,6.77,0.12002986,0.25576016,1.9910715,2.52
334320800400262649,287957.3,5270984.9,8.45,9.38,0.49601808,1.3713261,2.1671016,2.14
334320800400262651,288053.2,5270923.6,4.75,5.42,0.20383708,0.45598698,1.6761111,11.41
334320800400262654,288200.6,5270831.0,5.64,6.39,0.13946451,0.3004364,1.8189938,13.87
334320800400262655,288248.7,5270800.4,3.03,3.7,0.00879487,0.017667664,1.0395153,5.11
334320800400262656,288296.3,5270769.8,4.37,5.46,0.0107146725,0.021545151,1.817016,12.07
334320800400262657,288344.4,5270739.1,6.09,8.3,0.0687751,0.14251672,2.4866412,13.69
334320800400262658,288393.0,5270708.4,6.2,7.14,0.22902356,0.5203057,1.9404116,15.61
334320800400262659,288441.6,5270677.6,5.79,6.84,0.07888235,0.16434541,1.8834397,15.90
334320800400262660,288489.9,5270646.9,9.91,10.99,0.36383972,0.90496796,2.3794935,15.35
334320800400262663,288637.2,5270554.3,5.46,6.8,0.018815627,0.03799033,1.9037011,19.83
334320800400262664,288685.5,5270523.5,9.91,11.18,0.406303,1.0432608,2.3950548,18.10
334320800400262665,288734.0,5270492.8,15.52,16.49,0.89773697,4.580024,2.6652,19.68
334320800400262666,288782.0,5270462.1,11.97,13.61,0.45595786,1.2181448,2.5791821,19.34
334320800400262671,289028.1,5270307.6,5.83,7.33,0.004972885,0.009970619,1.4620355,18.10
334320800400262672,289076.8,5270276.8,4.15,4.93,0.048341263,0.0991013,1.589482,13.73
334321100400257535,287218.8,5270735.9,6.54,7.66,0.08496176,0.17759086,2.2425425,17.49
334321100400257536,287267.5,5270705.2,3.44,4.33,0.005703054,0.011438806,1.0251328,12.35
334321100400257538,287363.0,5270644.1,8.08,9.42,0.08539307,0.17853393,2.063331,17.58
334321100400257539,287411.1,5270613.5,4.52,5.46,0.0075261765,0.015109367,1.4520593,19.75
334321100400257544,287691.7,5270431.1,6.69,8.19,0.1263474,0.27017316,2.2195373,16.75
334321100400257545,287738.8,5270400.6,5.31,6.58,0.31181067,0.74761754,1.8927512,9.21
334321100400257546,287786.8,5270370.0,7.33,8.15,0.4453465,1.1794556,2.0236,2.20
334321100400257547,287834.9,5270339.4,5.23,6.17,0.2389561,0.54624957,1.8242434,2.50
334321100400257548,287883.0,5270308.7,4.3,5.12,0.1208046,0.25752184,1.6680007,2.56
334321100400257549,287931.1,5270278.1,4.04,5.57,0.091821186,0.19264215,2.0038798,7.13
334321100400257550,287979.3,5270247.4,6.5,7.4,0.24644157,0.56602794,2.0041044,6.10
334321100400257551,288027.3,5270216.8,2.5,3.32,0.018451191,0.03724759,1.8567365,2.27
340730000400262458,289393.4,5274841.0,11.59,12.45,0.71876395,2.5427616,2.440302,19.05
340730000400262459,289441.2,5274810.4,10.73,11.55,0.6701021,2.2219827,2.4159513,12.03
340730000400262460,289489.0,5274779.8,9.98,10.73,0.5863337,1.7677307,2.2975423,6.04
340730000400262461,289536.8,5274749.2,11.25,12.45,0.45919,1.2303994,2.5052037,1.60
340730000400262463,289632.4,5274688.0,2.24,2.8,0.0359367,0.07319961,1.439573,3.26
340730000400262464,289680.3,5274657.3,12.15,13.23,0.34031138,0.83241117,2.639708,2.06
340730000400262465,289728.2,5274626.6,12.45,13.38,0.46994755,1.2706597,2.5360415,2.03
340730000400262466,289776.1,5274595.9,8.97,10.28,0.25325853,0.58427835,2.3658717,9.00
340730000400262472,290069.9,5274407.5,11.43,12.67,0.7170409,2.5304773,2.429355,16.64
340730000400262474,290165.8,5274346.2,4.67,5.49,0.056347,0.116001025,1.8820181,14.36
340730100400258033,290131.7,5273627.5,12.07,13.08,0.8142898,3.378634,2.4262304,19.78
340730100400258036,290278.1,5273533.8,3.47,4.22,0.073661365,0.15304354,1.7078001,17.24
340730100400258038,290374.5,5273472.2,2.95,3.55,0.0073448634,0.0147440545,1.0795848,6.44
340730100400258040,290470.3,5273411.0,6.76,7.92,0.28070855,0.65923476,2.1219823,11.19
340730100400258041,290518.7,5273380.1,11.47,12.44,0.7096899,2.4787405,2.4100592,15.47
340730100400258042,290567.5,5273348.9,8.37,9.04,0.4646736,1.2507879,2.2255766,16.21
340730100400258043,290616.4,5273317.7,4.71,5.3,0.08770632,0.18360505,1.7684495,12.66
340730100400258044,290664.9,5273286.7,6.24,7.29,0.36809504,0.9185558,1.9606072,13.85
340730200400263066,289163.8,5273711.2,2.61,3.29,0.013892224,0.027979605,1.5427691,5.85
340730200400263069,289307.5,5273619.8,9.31,9.94,0.6994627,2.4084523,2.2390015,2.17
340730200400263085,290083.4,5273124.3,3.44,4.03,0.06784416,0.1405197,1.5506715,6.64
340730300400257954,288744.4,5273237.6,7.47,8.33,0.50717425,1.4163284,2.0397117,5.61
340730300400257984,290189.2,5272316.4,4.86,5.6,0.084846154,0.17734039,1.936917,10.19
340730300400257985,290237.5,5272285.6,8.26,9.79,0.23867697,0.54553825,2.2668233,15.30
340730300400257986,290286.4,5272254.3,5.83,6.73,0.12291961,0.2623448,1.9503189,15.90
340730300400257987,290334.6,5272223.4,8.86,10.02,0.67343915,2.2415934,2.2098882,13.13
340730300400257988,290383.4,5272192.2,9.79,11.07,0.58533204,1.762421,2.2240431,16.45
340730300400257989,290432.1,5272161.1,12.75,13.57,0.399809,1.021561,2.6116352,19.26
340730300400257990,290480.8,5272129.9,15.63,17.01,0.92312425,5.164645,2.584905,19.65
340730500400257849,289605.5,5271640.0,6.09,7.17,0.18462169,0.40830192,2.0509655,18.94
340730500400257850,289654.4,5271608.9,5.94,6.99,0.20574121,0.46081492,2.0652661,19.62
340730500400257851,289703.3,5271577.8,5.15,6.57,0.13158976,0.28222686,2.1176467,10.93
340730500400257852,289750.9,5271547.4,20.48,23.02,0.7472422,2.7574513,2.9833834,12.03
340730500400257853,289798.9,5271516.9,2.2,2.76,0.021905804,0.04429966,1.5032238,6.43
340730500400257854,289847.1,5271486.3,6.35,8.03,0.2513927,0.5792799,2.1425304,18.27
340730500400257855,289896.1,5271455.2,19.47,21.0,0.9128406,4.9149117,2.6651676,17.88
340730500400257864,290341.5,5271173.0,20.11,21.08,0.8281526,3.5354853,2.9847136,18.23
340730500400257865,290390.2,5271142.2,17.83,19.36,0.93065554,5.3841763,2.7727888,11.79
340730500400257866,290438.5,5271111.5,14.16,15.25,0.8791724,4.249112,2.5732613,11.13
340730500400257867,290485.9,5271081.4,19.29,20.59,0.37887567,0.95302194,2.9744794,19.06
340730500400257869,290579.7,5271021.8,23.47,24.67,0.7705108,2.951917,3.1696727,19.90
340730500400257881,291152.2,5270658.0,17.34,18.43,0.76609814,2.9135528,2.8348334,13.64
340730600400970056,289415.0,5271023.7,26.31,27.32,0.9170306,5.0148344,3.2799973,16.43
340730600400970069,290056.0,5270617.4,2.95,3.7,0.04525943,0.09263582,1.8082895,11.59
340730600400970070,290103.8,5270587.0,8.33,8.89,0.7473071,2.7577977,2.1362555,6.25
340730600400970071,290151.6,5270556.6,11.55,12.3,0.8505599,3.8176756,2.4242792,6.96
340730600400970072,290199.7,5270526.0,13.75,14.46,0.8314269,3.5740266,2.558481,16.99
340730600400970073,290249.4,5270494.6,3.1,3.7,0.044858612,0.091796264,1.268794,17.99
340730600400970075,290345.5,5270433.6,15.21,15.88,0.8803295,4.268096,2.734664,8.44
340730600400970076,290394.3,5270402.7,4.26,4.93,0.18152101,0.4007049,1.7334923,15.33
356600000400197094,299415.1,5284021.5,3.25,3.96,0.01687964,0.034047626,1.4127755,4.34
356600000400197102,299798.7,5283775.2,5.27,6.17,0.2524499,0.5819638,1.8561636,15.16
356600000400197105,299942.8,5283682.8,2.77,3.44,0.0027401135,0.005487753,0.9672406,10.41
356600000400197116,300518.7,5283313.5,2.84,3.44,0.06981573,0.14474836,1.4658569,2.35
356600000400197149,302100.4,5282298.4,3.22,3.85,0.02048207,0.041389734,1.7185832,9.65
356600000400197150,302148.3,5282267.6,8.23,8.79,0.68176967,2.2911534,2.032227,9.40
356600100400192436,296980.1,5284836.1,3.96,4.68,0.09890371,0.20829242,1.7205334,8.34
356600100400192468,298514.5,5283854.7,3.07,3.66,0.02031951,0.041057814,1.1295516,7.67
356600100400192471,298658.4,5283762.5,4.53,5.61,0.11509718,0.24456339,1.9127723,13.89
356600100400192480,299089.4,5283486.2,4.0,4.75,0.064008854,0.13230096,1.8061222,11.32
356600100400192483,299233.4,5283393.5,3.4,4.19,0.009463993,0.019018171,1.5817624,7.90
356600100400192484,299281.3,5283362.7,3.74,4.45,0.09294103,0.19510098,1.7205789,9.55
356600100400192485,299329.3,5283331.9,5.31,6.25,0.21507803,0.4843766,1.8602027,9.96
356600100400192486,299377.3,5283301.0,3.55,4.34,0.023274707,0.047099985,1.6120242,10.57
356600100400192487,299425.2,5283270.3,4.41,5.27,0.059418123,0.12251524,1.864901,11.30
356600100400192489,299521.2,5283208.5,4.53,5.5,0.01828826,0.036915306,1.4745733,19.44
356600100400192491,299617.6,5283146.1,6.77,7.86,0.232113,0.52826697,2.1902874,19.31
356600100400192492,299665.8,5283115.0,8.57,9.24,0.62378645,1.9559385,2.1319666,18.99
356600100400192493,299714.0,5283083.9,4.19,4.94,0.028926004,0.058705688,1.7427671,13.64
356600100400192496,299858.1,5282991.3,4.08,4.75,0.15484492,0.3364866,1.7269866,6.80
356600100400192538,301918.5,5281671.6,2.77,3.33,0.04081195,0.083337225,1.626933,4.35
356600100400192543,302158.1,5281517.5,11.0,11.79,0.91070706,4.840172,2.329409,9.48
356600200400197666,297022.4,5284261.8,3.59,4.41,0.018183166,0.036701158,1.5274711,11.55
356600200400197717,299468.7,5282696.2,4.0,4.68,0.12931107,0.27694902,1.6722013,8.71
356600200400197718,299516.7,5282665.5,3.93,4.6,0.14032207,0.3024045,1.5628544,10.33
356600200400197722,299756.4,5282512.0,3.14,3.85,0.013057828,0.02628773,1.0164987,11.96
356600200400197723,299804.3,5282481.3,3.37,4.23,0.08926734,0.18701537,1.697065,10.69
356600200400197728,300043.9,5282327.9,3.78,4.53,0.091081366,0.19100314,1.66021,11.92
356600200400197729,300091.8,5282297.2,3.52,4.26,0.014538737,0.029291006,1.5523021,10.82
356600200400197730,300139.7,5282266.5,3.59,4.45,0.073744066,0.15321179,1.8076208,10.32
356600200400197745,300859.1,5281804.1,18.94,19.66,0.8615042,3.957212,2.9497,11.37
356600200400197748,301002.9,5281711.8,18.5,19.09,0.8885052,4.392159,2.763285,13.63
356600200400197750,301098.8,5281650.3,18.76,19.73,0.7603292,2.8583665,2.9342358,15.88
356600200400197751,301146.7,5281619.6,22.13,23.18,0.7190635,2.5402803,3.1153646,13.09
356600200400197752,301194.7,5281588.8,20.29,21.04,0.847492,3.7640052,2.9892042,10.39
356600200400197754,301290.6,5281527.5,20.18,21.15,0.905876,4.7320733,2.988049,15.52
356600200400197755,301338.3,5281497.2,18.05,19.09,0.8256673,3.495961,2.7998822,16.77
356600200400197757,301433.9,5281436.5,14.3,15.2,0.76615644,2.9076576,2.647454,13.86
356600200400197758,301481.6,5281406.2,18.46,19.09,0.92761457,5.259631,2.9484358,6.08
356600200400197760,301577.3,5281345.3,20.74,21.6,0.7113584,2.4861119,2.9999223,15.14
356600200400197761,301625.1,5281314.9,18.23,19.21,0.51551884,1.4496236,2.8248463,17.08
356600300400192470,294826.8,5284925.4,3.29,3.93,0.061705355,0.12738398,1.7947279,5.25
356600300400192475,295066.1,5284772.0,10.44,11.34,0.63243294,2.0022094,2.3447108,4.68
356600300400192485,295544.7,5284465.3,7.67,8.35,0.46974245,1.2689632,2.1035929,0.92
356600300400192557,298998.9,5282252.6,2.8,3.4,0.07860577,0.16373701,1.3747259,5.80
356600300400192560,299142.7,5282160.8,2.99,3.63,0.11235693,0.23837636,1.4962739,6.81
356600300400192565,299382.6,5282007.4,3.96,4.68,0.14483961,0.3129416,1.7162911,10.36
356600300400192566,299430.5,5281976.8,3.93,4.71,0.09214304,0.1933403,1.7617253,9.73
356600300400192571,299670.3,5281823.3,22.73,23.78,0.8346316,3.601464,3.0655246,13.45
356600300400192573,299766.2,5281761.7,16.62,17.52,0.8171007,3.3996038,2.7214906,11.14
356600300400192575,299862.1,5281700.4,19.1,19.96,0.72187686,2.5603158,2.8745756,8.41
356600300400192578,300005.8,5281608.3,20.14,20.93,0.86751264,4.045749,2.8209589,7.91
356600300400192579,300053.7,5281577.6,18.35,19.17,0.85521126,3.8677797,2.8110154,8.06
356600300400192584,300293.4,5281423.8,24.3,24.94,0.87312746,4.132564,3.1404407,16.35
356600300400192587,300437.2,5281331.5,19.21,20.26,0.6217665,1.9449635,2.9773445,17.45
356600300400192588,300485.0,5281300.9,21.27,22.05,0.7208334,2.5528195,3.0453758,19.62
356600300400192590,300580.7,5281239.7,24.08,24.79,0.92701626,5.2422023,3.106278,17.10
356600300400192591,300628.6,5281209.0,23.03,23.89,0.71858907,2.5367904,3.0289788,11.87
356600300400192592,300676.4,5281178.5,24.45,25.35,0.9328221,5.4087715,3.0541353,9.67
356600300400192593,300724.2,5281147.9,20.93,21.87,0.6870892,2.3244073,2.9554777,8.93
356600300400192594,300772.1,5281117.2,18.05,19.02,0.68929505,2.3385673,2.9217107,3.78
356600300400192595,300820.0,5281086.6,17.86,18.91,0.6517796,2.1104186,2.783872,12.66
356600300400192596,300867.6,5281056.3,25.8,26.85,0.8907879,4.4331446,3.2319996,14.39
356600300400192597,300915.4,5281025.8,19.51,20.56,0.8353063,3.6096544,2.954936,9.51
356600300400192598,300963.3,5280995.3,18.61,19.28,0.8887909,4.3968005,2.8440034,9.28
356600300400192599,301011.2,5280964.6,16.55,17.9,0.6360805,2.022168,2.7297616,10.95
356600300400192600,301059.1,5280934.0,13.59,14.53,0.4001084,1.0221231,2.681719,14.45
356600300400192601,301107.0,5280903.4,18.31,19.1,0.79171926,3.1393201,2.8907242,14.99
356600300400192602,301154.9,5280872.7,17.63,18.5,0.7671872,2.9163444,2.7973464,13.61
356600300400192603,301202.7,5280842.3,24.0,25.39,0.6434392,2.0630493,3.049165,16.90
356600300400192604,301250.6,5280811.6,22.54,23.44,0.79961294,3.2166994,3.0965052,19.68
356600300400192605,301298.6,5280780.8,21.23,22.2,0.80523866,3.273733,3.0051408,16.81
356600300400192606,301346.6,5280750.1,21.75,22.77,0.85019594,3.7995343,3.0617464,11.66
356600300400192607,301394.6,5280719.3,19.92,21.04,0.73316175,2.6432369,2.9245236,11.37
356600300400192608,301442.5,5280688.7,23.66,24.79,0.6595848,2.1557884,3.1305108,11.43
356600300400192609,301490.5,5280658.0,24.34,25.27,0.85019964,3.799584,3.173275,14.23
356600300400192610,301538.6,5280627.0,20.44,21.68,0.89671004,4.5449824,2.972456,16.06
356600300400192611,301586.7,5280596.0,26.36,28.42,0.9035199,4.681826,3.258135,18.15
356600300400192612,301634.9,5280565.0,20.26,21.75,0.873655,4.140918,2.9759731,14.59
356600300400192616,301826.7,5280442.1,20.03,21.38,0.90181017,4.646579,2.6535385,4.00
356600300400192622,302114.3,5280258.2,10.93,11.83,0.53170484,1.5175802,2.4034328,4.25
356600500400192354,295029.3,5283753.6,2.24,2.77,0.08568705,0.17916882,1.2463293,1.73
356600500400192356,295125.2,5283692.3,7.48,8.35,0.35976666,0.89195955,2.1680298,4.56
356600500400192357,295173.3,5283661.5,4.0,4.94,0.21536726,0.48511052,1.7436973,6.21
356600500400192358,295221.2,5283630.8,3.22,4.04,0.08952306,0.18757789,1.6253871,3.78
356600500400192359,295269.2,5283600.1,4.08,4.94,0.15444967,0.33554983,1.7812135,6.98
356600500400192360,295317.3,5283569.3,3.66,4.49,0.13467722,0.28931618,1.6053653,6.43
356600500400192361,295365.3,5283538.5,4.23,5.24,0.03802655,0.0775376,1.8555229,8.53
356600500400192362,295413.4,5283507.7,4.49,5.2,0.21467964,0.48335832,1.6332617,9.60
356600500400192363,295461.4,5283476.9,4.34,5.39,0.112805866,0.23939027,1.8821815,14.91
356600500400192364,295509.5,5283446.0,4.94,5.84,0.22261682,0.50367785,1.7859968,15.69
356600500400192378,296181.0,5283016.6,3.18,3.78,0.13793671,0.29686457,1.5618806,4.05
356600500400192379,296228.8,5282986.1,2.73,3.63,0.033019006,0.06715344,1.7209637,7.94
356600500400192382,296372.9,5282893.9,5.91,6.89,0.24175239,0.55353206,2.0304713,6.22
356600500400192383,296420.7,5282863.6,7.52,9.17,0.5183857,1.4615643,2.0547512,5.81
356600500400192384,296468.7,5282832.9,3.33,4.08,0.016334392,0.032938674,1.6010606,5.67
356600500400192385,296516.5,5282802.4,4.11,5.54,0.1573771,0.3424868,1.9202803,3.27
356600500400192386,296564.5,5282771.8,2.8,3.51,0.07960556,0.16590941,1.6327423,5.44
356600500400192387,296612.4,5282741.2,3.29,4.15,0.08527813,0.1782745,1.7481256,6.54
356600500400192388,296660.4,5282710.6,4.56,5.46,0.13700919,0.29471374,1.878461,9.70
356600500400192389,296708.3,5282679.9,5.91,6.81,0.29207733,0.690907,1.9590955,11.55
356600500400192390,296756.4,5282649.2,6.59,7.63,0.18748058,0.41525376,2.1907694,11.58
356600500400192391,296804.4,5282618.5,4.04,5.01,0.0986819,0.20779957,1.9555937,13.15
356600500400192392,296852.4,5282587.8,5.46,6.44,0.1686288,0.36937568,1.9911461,13.08
356600500400192393,296900.5,5282557.0,6.92,7.9,0.2935768,0.6951487,2.1603692,17.61
356600500400192421,298243.3,5281696.3,3.4,4.15,0.057461333,0.11835843,1.7369261,12.07
356600500400192422,298291.2,5281665.6,4.23,4.94,0.19760661,0.4403383,1.7492312,16.05
356600500400192423,298339.1,5281634.9,5.61,6.62,0.15559785,0.33826777,2.0323186,18.98
356600500400192424,298387.0,5281604.3,4.04,4.98,0.009688515,0.019471556,0.96142024,18.05
356600500400192425,298434.8,5281573.7,4.64,5.57,0.15132871,0.32818073,1.9119036,14.21
356600500400192426,298482.7,5281543.1,3.18,3.93,0.06296591,0.13007335,1.7167468,10.31
356600500400192427,298530.6,5281512.5,4.23,5.16,0.0546913,0.11248907,1.9226058,7.03
356600500400192428,298578.4,5281481.9,3.93,4.79,0.084612995,0.17682065,1.7795482,10.82
356600500400192429,298626.5,5281451.0,4.19,5.09,0.06941337,0.14388283,1.8159026,14.90
356600500400192430,298674.6,5281420.2,3.25,4.15,0.18076353,0.39878595,1.6083298,11.91
356600500400192431,298722.7,5281389.3,3.07,3.7,0.08995632,0.18852988,1.6675919,10.82
356600500400192434,298866.7,5281297.1,2.65,3.29,0.055654645,0.11452832,1.6718403,6.73
356600500400192435,298914.7,5281266.4,4.19,5.24,0.10797999,0.22854012,1.9304088,9.33
356600500400192438,299058.5,5281174.5,26.28,27.41,0.7940445,3.1624355,3.220469,17.34
356600500400192439,299106.4,5281143.9,24.11,24.82,0.905723,4.730197,3.054936,12.09
356600500400192440,299154.4,5281113.2,11.42,13.63,0.15457122,0.3358374,2.7014456,12.72
356600500400192441,299202.4,5281082.5,2.32,2.88,0.029366814,0.059613742,1.4793805,5.79
356600500400192442,299250.3,5281052.0,2.47,3.1,0.06569234,0.13590132,1.4859145,6.88
356600500400192443,299298.3,5281021.2,2.95,3.59,0.012559326,0.0252778,1.0774829,8.80
356600500400192444,299346.0,5280990.9,7.48,8.65,0.24864343,0.5717943,2.1770444,9.99
356600500400192445,299394.2,5280959.9,2.92,3.63,0.011267803,0.022663593,0.8629684,14.64
356600500400192446,299442.2,5280929.1,2.32,2.84,0.021039106,0.04252739,1.1359067,8.64
356600500400192447,299490.1,5280898.5,2.58,3.18,0.03544352,0.07217442,1.5801321,2.30
356600500400192448,299538.1,5280867.8,2.54,3.18,0.033143956,0.06741189,1.5254549,3.99
356600500400192449,299586.0,5280837.1,4.11,4.9,0.16962361,0.37177053,1.6597866,4.76
356600500400192450,299634.0,5280806.4,3.4,4.19,0.15464108,0.33600268,1.6378305,5.40
356600500400192451,299681.9,5280775.7,2.54,3.18,0.011550199,0.02323491,0.9766765,5.25
356600500400192452,299729.8,5280745.1,2.8,3.44,0.0986738,0.2077816,1.5047815,4.70
356600500400192453,299777.7,5280714.4,3.48,4.26,0.083061464,0.1734335,1.7619023,5.73
356600500400192454,299825.6,5280683.8,18.31,19.65,0.37928694,0.953905,2.924004,10.86
356600500400192455,299873.5,5280653.1,5.2,6.32,0.33709654,0.8223479,1.8322014,11.36
356600500400192456,299921.4,5280622.5,2.28,2.99,0.019079298,0.038527496,1.5050348,13.56
356600500400192457,299969.3,5280591.8,20.52,22.05,0.51971155,1.4670807,3.0544891,13.58
356600500400192458,300017.2,5280561.2,23.32,24.19,0.70218086,2.4236686,3.0715504,11.44
356600500400192459,300065.1,5280530.5,22.87,23.62,0.8981853,4.575662,3.127122,9.41
356600500400192460,300112.9,5280499.9,23.1,23.81,0.8592359,3.925431,2.9623032,10.63
356600500400192461,300160.7,5280469.4,19.8,20.74,0.6714855,2.2272666,2.9902077,19.28
356600500400192462,300208.4,5280438.9,2.09,2.62,0.026007887,0.05270449,1.3363749,18.34
356600500400192463,300256.2,5280408.3,5.46,6.47,0.2913058,0.6887281,1.8727608,6.14
356600500400192464,300304.1,5280377.6,3.7,4.71,0.10915197,0.2311697,1.7419647,5.05
356600500400192465,300352.1,5280346.8,4.68,5.5,0.24686012,0.56705225,1.7794753,5.37
356600500400192466,300400.0,5280316.1,4.04,4.94,0.103107855,0.21764538,1.8381717,6.06
356600500400192467,300448.0,5280285.3,2.5,3.1,0.021275524,0.04301045,1.0938752,2.66
356600500400192468,300495.8,5280254.7,3.14,3.81,0.056640364,0.1166171,1.5491611,4.10
356600500400192469,300543.7,5280224.0,12.5,13.63,0.4129948,1.0656116,2.5362985,11.13
356600500400192470,300591.4,5280193.4,21.04,21.9,0.8319876,3.570563,2.9666858,19.23
356600500400192471,300639.1,5280163.0,19.13,20.25,0.48461303,1.3259481,3.032089,19.71
356600500400192472,300686.8,5280132.5,2.92,4.41,0.0906436,0.19004096,1.8554674,6.96
356600600401033474,295027.7,5283012.0,4.11,4.86,0.19003317,0.42154548,1.735238,11.39
356600600401033475,295075.6,5282981.4,3.29,4.38,0.07024928,0.14568,1.9356155,9.73
356600600401033476,295123.5,5282950.8,5.87,6.77,0.30800277,0.73641616,1.9653755,14.94
356600600401033477,295171.3,5282920.3,6.81,8.61,0.18425938,0.40733775,2.2682788,17.05
356600600401033478,295219.0,5282890.0,4.15,5.16,0.06305635,0.13026623,1.9814221,15.19
356600600401033479,295266.8,5282859.5,4.0,4.79,0.16620314,0.36354682,1.7206398,10.85
356600600401033504,296467.9,5282090.5,3.22,4.04,0.06738191,0.13952124,1.7835249,8.75
356600600401033505,296515.9,5282059.8,4.08,4.86,0.17216301,0.3778952,1.6463593,8.13
356600600401033506,296563.9,5282029.1,2.92,3.66,0.13809405,0.29722872,1.4612094,6.38
356600600401033507,296612.0,5281998.4,2.73,3.44,0.05914962,0.12194402,1.7315836,6.90
356600600401033508,296660.0,5281967.7,2.47,3.14,0.021474602,0.043417286,1.5377265,5.71
356600600401033509,296708.0,5281937.1,3.29,4.04,0.11615679,0.24695836,1.6295964,6.38
356600600401033510,296756.0,5281906.4,2.5,3.1,0.046876367,0.09602236,1.5247575,2.29
356600600401033511,296803.9,5281875.9,2.8,3.44,0.06030373,0.12439893,1.5002252,3.55
356600600401033512,296851.8,5281845.3,2.95,3.66,0.11368764,0.24137853,1.5466914,4.54
356600600401033513,296899.7,5281814.7,2.69,3.33,0.043909106,0.08980551,1.58012,6.52
356600600401033533,297857.3,5281202.1,2.32,2.84,0.024272773,0.0491447,1.0794325,4.80
356600600401033534,297905.2,5281171.4,2.92,3.59,0.072574124,0.15068744,1.691421,5.12
356600600401033536,298001.2,5281109.8,2.35,2.92,0.012491682,0.025140788,0.78217894,3.95
356600600401033537,298049.1,5281079.0,2.58,3.22,0.06110111,0.1260968,1.4957932,4.62
356600600401033538,298097.1,5281048.3,2.99,3.78,0.08198103,0.17107786,1.6905606,5.88
356600600401033539,298145.1,5281017.5,2.43,3.07,0.023416957,0.047391236,1.6549945,8.51
356600600401033540,298192.9,5280986.9,3.96,4.86,0.043901436,0.089789465,1.8306729,14.36
356600600401033541,298240.5,5280956.5,3.29,4.0,0.041263554,0.08427894,1.705919,11.40
356600600401033542,298288.2,5280926.0,2.5,3.18,0.019433059,0.039248902,1.5384022,8.07
356600600401033543,298336.0,5280895.5,3.18,3.89,0.11472672,0.24372476,1.6393538,7.04
356600600401033544,298383.9,5280864.8,2.73,3.4,0.027620776,0.05601916,1.6994967,7.16
356600600401033545,298431.8,5280834.2,2.73,3.37,0.033727698,0.068619736,1.4831873,6.53
356600600401033546,298479.6,5280803.7,3.52,4.49,0.12577845,0.26885143,1.6723869,6.05
356600600401033547,298527.6,5280773.0,2.54,3.22,0.0138211055,0.0278351,0.88926464,6.14
356600600401033548,298575.6,5280742.3,3.55,4.19,0.124069035,0.2649443,1.5293975,5.54
356600600401033550,298671.5,5280680.9,2.47,3.14,0.07132072,0.14798619,1.4308178,5.47
356600600401033551,298719.5,5280650.2,2.8,3.48,0.07801984,0.16246621,1.5839137,5.64
356600600401033552,298767.5,5280619.5,2.88,3.52,0.065732695,0.13598752,1.487017,5.10
356600600401033553,298815.5,5280588.7,2.77,3.48,0.062380865,0.12882482,1.5414007,11.23
356600600401033554,298863.7,5280557.8,5.42,6.74,0.03809328,0.07767628,1.9860169,18.61
356600600401033555,298912.0,5280526.7,2.92,3.7,0.06526309,0.13498245,1.7404048,19.21
356600600401033556,299055.9,5280434.7,19.43,20.33,0.85045236,3.8037043,2.792204,9.92
356600600401033557,299103.6,5280404.4,27.41,28.34,0.7805079,3.0347216,3.12563,10.01
356600600401033558,299151.3,5280374.0,35.57,36.54,0.94433075,5.789415,3.214642,19.38
356600600401033561,299294.5,5280282.9,23.81,25.16,0.69007504,2.3438034,3.1401918,17.81
356600600401033562,299342.3,5280252.3,25.01,25.8,0.8929412,4.4742785,3.240396,13.06
356600600401033563,299390.4,5280221.6,25.12,26.28,0.8846508,4.3245673,2.971333,16.78
356600600401033564,299438.4,5280190.7,23.4,24.11,0.76284236,2.8796666,2.8853307,17.71
356600600401033565,299486.4,5280160.0,22.39,23.47,0.79694635,3.1906762,3.0541422,16.25
356600600401033566,299534.3,5280129.5,22.09,23.03,0.7965945,3.1872077,2.9989395,14.84
356600600401033567,299582.1,5280098.9,22.73,23.59,0.89527524,4.518533,3.064903,11.43
356600600401033568,299629.9,5280068.4,21.98,23.62,0.8207681,3.4407356,3.0938115,10.90
356600600401033569,299677.7,5280037.9,23.36,24.49,0.67462254,2.2463975,3.0945451,12.84
356600600401033570,299725.6,5280007.2,2.28,2.84,0.031578057,0.06417526,1.3477374,11.00
356600600401033571,299773.5,5279976.7,3.18,3.89,0.11051435,0.23423025,1.595617,15.83
356600600401033572,299821.4,5279946.0,3.03,3.74,0.11385455,0.24175522,1.5610803,16.69
356600600401033573,299869.3,5279915.3,2.58,3.18,0.06606424,0.13669741,1.4588652,12.92
356600600401033574,299917.2,5279884.7,3.63,4.49,0.15920377,0.3468263,1.6454511,7.42
356600600401033575,299965.1,5279854.0,2.92,3.63,0.012755109,0.025674382,1.0434898,9.29
356600600401033576,300012.9,5279823.4,3.4,4.68,0.100176945,0.2111195,1.8010532,8.77
356600600401033577,300060.8,5279792.8,2.02,2.5,0.03740046,0.07623627,1.3690549,6.77
356600600401033578,300108.6,5279762.1,2.02,2.5,0.04285933,0.0876107,1.3797076,6.22
356600600401033579,300156.5,5279731.5,2.54,3.25,0.057319734,0.11805783,1.4396158,9.69
356600600401033580,300204.5,5279700.7,3.14,3.89,0.062495388,0.12906912,1.7456306,8.89
356600600401033581,300252.4,5279670.0,2.5,3.18,0.053935148,0.110889725,1.6732756,6.10
356600600401033582,300300.2,5279639.4,5.05,8.38,0.1567272,0.3409434,2.2461023,5.30
356600600401033583,300348.1,5279608.8,2.73,3.7,0.09078542,0.19035253,1.761781,2.65
356600600401033610,301640.4,5278780.7,16.43,17.6,0.8013274,3.234379,2.6453874,13.19
356600600401033611,301688.3,5278750.0,14.6,15.5,0.82358646,3.472501,2.5555248,15.63
356600600401033612,301736.1,5278719.4,2.5,3.14,0.01482096,0.029863877,1.2015013,14.84
356600600401033613,301783.8,5278689.0,2.73,3.44,0.04188419,0.08557408,1.6669973,9.80
356600600401033614,301831.5,5278658.5,2.32,2.92,0.053242177,0.10942528,1.5773968,7.77
356600600401033615,301879.4,5278627.9,2.43,2.99,0.044789277,0.09164759,1.4455544,2.63
356600600401033616,301927.4,5278597.2,3.1,3.81,0.07220475,0.149891,1.5047088,7.16
356600600401033617,301975.4,5278566.4,2.92,3.66,0.065263875,0.13498412,1.6929448,7.16
356600600401033618,302023.5,5278535.6,3.22,4.0,0.08966869,0.18789744,1.6264607,8.58
356600600401033619,302071.6,5278504.8,3.44,4.26,0.102776594,0.2169063,1.7193022,9.54
356600600401033620,302119.7,5278473.9,3.18,3.96,0.105820835,0.22370408,1.6782689,10.32
356600600401033621,302167.8,5278443.0,3.07,3.81,0.032745298,0.06658735,1.8153085,12.89
356600800400197102,290104.9,5285138.2,9.5,10.59,0.54968065,1.5961263,2.2722821,6.91
356600800400197103,290152.7,5285107.5,5.99,7.33,0.19234495,0.4272712,2.0866754,2.99
356600800400197104,290200.6,5285076.8,11.9,13.4,0.91271913,4.8873262,2.19552,3.73
356600800400197105,290248.6,5285046.0,9.65,10.78,0.5528405,1.6102203,2.2521644,8.59
356600800400197106,290296.7,5285015.1,10.55,11.83,0.37144005,0.9288063,2.4701972,7.48
356600800400197114,290679.0,5284770.2,5.5,6.25,0.28581607,0.6733091,1.8635106,11.54
356600800400197115,290726.8,5284739.5,3.78,4.71,0.008069978,0.016205475,1.200063,5.54
356600800400197177,293701.3,5282837.7,4.53,5.57,0.08817503,0.18461996,1.9407811,13.00
356600800400197178,293749.0,5282807.4,3.89,4.9,0.014943534,0.03011277,0.89167327,18.34
356600800400197180,293843.5,5282747.5,8.08,9.36,0.23057821,0.524279,2.3201156,16.14
356600800400197181,293891.5,5282716.9,5.16,6.17,0.13410506,0.287997,1.9462725,2.99
356600800400197182,293939.4,5282686.3,8.79,9.73,0.4999662,1.3865434,2.190052,3.03
356600800400197183,293987.3,5282655.8,5.8,6.85,0.25689068,0.5938853,1.924669,8.38
356600800400197186,294132.3,5282562.9,4.34,5.12,0.007611292,0.015280847,0.7273736,17.93
356600800400197187,294179.9,5282532.7,5.35,6.43,0.0922791,0.1936427,2.16105,19.60
356600800400197188,294227.8,5282502.2,12.35,13.4,0.86912656,4.072831,2.4290032,14.61
356600800400197189,294276.1,5282471.2,3.29,4.0,0.077446304,0.16122358,1.6057913,9.41
356600800400197190,294323.8,5282440.9,12.8,13.77,0.80156857,3.237661,2.5070891,19.02
356600800400197191,294371.5,5282410.5,5.35,6.7,0.027042622,0.05483048,2.136789,19.69
356600800400197192,294419.5,5282379.8,8.01,9.65,0.39895162,1.0183535,2.2368672,19.39
356600800400197194,294516.3,5282317.7,5.35,6.4,0.1726868,0.37916785,1.9421084,9.48
356600800400197195,294564.3,5282287.0,4.23,5.09,0.07805307,0.16253948,1.8370838,9.54
356600800400197196,294612.4,5282256.2,4.15,5.16,0.020849463,0.042140044,1.4299873,10.55
356600800400197197,294660.5,5282225.3,3.96,4.75,0.029569602,0.060031764,1.2273487,11.10
356600800400197198,294708.7,5282194.5,2.92,3.66,0.011875163,0.023892561,0.7608183,10.31
356600800400197199,294756.8,5282163.7,4.23,5.09,0.095635474,0.20105207,1.8687598,9.05
356600800400197200,294804.7,5282133.0,9.58,10.29,0.93108225,5.3633127,2.1409624,8.44
356600800400197210,295282.8,5281827.0,5.8,6.7,0.27564496,0.64501995,1.9770614,12.86
356600800400197211,295331.0,5281796.0,3.81,4.9,0.028521528,0.05787287,1.1542156,16.27
356600800400197212,295379.3,5281764.9,5.76,6.92,0.06067358,0.12518698,2.2359543,16.70
356600800400197213,295427.6,5281733.9,5.27,6.17,0.21498305,0.48413974,1.9438312,13.07
356600800400197214,295475.7,5281702.9,3.78,4.45,0.15366848,0.3337067,1.6711268,8.32
356600800400197215,295523.8,5281672.1,3.25,4.08,0.004701661,0.009425511,0.91022164,9.92
356600800400197216,295571.6,5281641.4,4.04,4.86,0.04347204,0.088891774,1.7576554,9.48
356600800400197219,295715.4,5281549.3,2.69,3.4,0.043462303,0.08887141,1.6904157,3.76
356600800400197222,295859.4,5281457.0,3.48,4.15,0.015889954,0.03203527,1.3101867,6.05
356600800400197225,296003.5,5281364.7,4.3,5.2,0.1052089,0.22233804,1.7910168,14.01
356600800400197226,296051.5,5281334.0,4.19,5.2,0.021910202,0.0443079,2.041587,18.01
356600800400197227,296099.5,5281303.2,4.23,5.31,0.04748984,0.09731051,1.9093121,18.31
356600800400197228,296147.6,5281272.5,3.93,5.09,0.025958074,0.0526023,1.7228737,19.51
356600800400197230,296243.4,5281211.2,22.72,23.7,0.91400856,4.917289,3.145781,19.70
356600800400197231,296291.5,5281180.5,4.49,5.46,0.01279465,0.025754517,1.5552046,13.99
356600800400197232,296339.4,5281149.8,13.14,14.15,0.93400925,5.450869,2.4676852,13.87
356600800400197233,296387.6,5281118.9,13.55,14.56,0.93257105,5.407367,2.5184944,14.73
356600800400197234,296435.8,5281088.0,13.32,15.61,0.92509,5.195205,2.432302,16.36
356600800400197235,296484.3,5281056.9,4.11,5.05,0.0100102695,0.020121481,1.1623638,13.20
356600800400197236,296532.3,5281026.2,2.43,2.99,0.00474977,0.009522186,0.6697466,7.24
356600800400197237,296579.9,5280995.9,4.45,7.26,0.10100978,0.21297361,2.2849438,9.87
356600800400197238,296627.7,5280965.4,3.4,4.45,0.0062096836,0.012458112,0.8929275,18.35
356600800400197239,296675.7,5280934.7,6.73,7.75,0.31081042,0.7445764,2.04862,17.23
356600800400197240,296723.8,5280903.9,3.51,4.49,0.04512816,0.09235764,1.6050392,13.60
356600800400197241,296771.8,5280873.2,5.05,6.1,0.13418368,0.28817862,1.9515218,12.99
356600800400197242,296819.7,5280842.6,11.68,12.65,0.9130881,4.895852,2.3440936,12.06
356600800400197246,297011.9,5280719.7,17.22,18.23,0.6476938,2.0875056,2.717863,13.28
356600800400197248,297107.4,5280658.6,20.51,21.49,0.8497587,3.7957425,3.0365086,11.32
356600800400197249,297155.2,5280628.1,24.41,25.34,0.85896933,3.92274,3.178522,14.39
356600800400197250,297203.0,5280597.5,18.27,20.1,0.25013497,0.5757813,3.0769217,18.95
356600800400197251,297250.8,5280567.0,3.51,4.6,0.077704415,0.16178325,1.6578498,11.99
356600800400197252,297298.7,5280536.4,2.5,3.14,0.011838729,0.023818817,0.71253604,3.74
356600800400197253,297346.6,5280505.7,2.84,3.55,0.019537896,0.039462812,1.5819712,5.29
356600800400197254,297394.3,5280475.3,3.44,4.53,0.039570842,0.08075114,1.8691397,9.14
356600800400197255,297442.1,5280444.7,3.85,4.82,0.052174315,0.10717118,1.8881191,7.00
356600800400197256,297537.8,5280383.4,2.24,2.84,0.0042413287,0.008500708,1.3710734,7.51
356600800400197257,297585.4,5280353.0,3.25,4.56,0.020795159,0.042029127,1.8425823,8.56
356600800400197258,297633.1,5280322.6,5.57,6.25,0.36158073,0.89766735,1.7431545,5.68
356600800400197259,297680.8,5280292.1,2.39,2.99,0.0860597,0.17998527,1.3241843,4.67
356600800400197260,297728.7,5280261.4,5.09,6.36,0.19045308,0.42259112,1.9774809,4.88
356600800400197261,297776.8,5280230.6,2.84,3.55,0.0074323555,0.014920262,0.93051547,5.24
356600800400197262,297824.6,5280199.9,3.36,4.04,0.10249325,0.21627687,1.5266982,5.49
356600800400197263,297872.5,5280169.3,3.63,4.38,0.13047424,0.27962744,1.6582781,9.84
356600800400197264,297920.3,5280138.6,3.44,4.41,0.03221225,0.06548564,1.9318057,11.32
356600800400197265,297968.2,5280107.9,2.77,3.48,0.0071326233,0.014316396,1.0774999,8.13
356600800400197266,298016.2,5280077.1,2.8,3.44,0.0089602405,0.018001301,0.7839802,7.00
356600800400197267,298063.8,5280046.7,3.96,5.01,0.081607446,0.17026539,1.8072094,9.44
356600800400197268,298111.7,5280016.0,2.8,3.51,0.03587104,0.07306128,1.5897261,7.69
356600800400197275,298447.1,5279800.9,2.69,3.29,0.036431074,0.074223384,1.4343791,4.74
356600800400197277,298542.9,5279739.5,2.58,3.25,0.015223237,0.030680748,1.6767635,6.12
356600800400197278,298590.8,5279708.8,2.95,3.7,0.044812452,0.09169648,1.5531349,5.25
356600800400197279,298638.8,5279678.0,4.41,5.31,0.050811388,0.104297236,1.8581449,13.55
356600800400197287,299118.5,5279370.3,3.25,4.04,0.05337029,0.10969647,1.742415,8.08
356600800400197288,299166.5,5279339.5,2.84,3.59,0.011798308,0.02373701,1.078355,8.71
356600800400197289,299214.6,5279308.7,2.92,3.66,0.011642672,0.023422044,1.2705699,8.17
356600800400197290,299262.6,5279278.0,2.5,3.18,0.008134435,0.01633544,0.7294497,4.79
356600800400197291,299310.5,5279247.3,4.11,5.09,0.104246475,0.22018786,1.6617392,1.63
356600800400197292,299358.5,5279216.6,2.58,3.18,0.008765233,0.017607795,0.92828834,2.94
356600800400197326,300988.5,5278176.7,3.51,4.53,0.07208374,0.14963117,1.8025926,4.91
356600800400197327,301036.5,5278146.1,2.77,3.48,0.0028031585,0.005614194,0.65223545,2.89
356600800400197328,301084.5,5278115.6,4.19,5.39,0.11072782,0.23471281,1.8661381,5.20
356600800400197329,301132.5,5278085.0,2.95,3.74,0.013682167,0.02755338,1.1471359,6.36
356600800400197330,301180.6,5278054.3,5.39,6.7,0.13810164,0.2972504,2.0742612,15.07
356600800400197331,301228.9,5278023.4,3.25,4.11,0.04243089,0.08671596,1.7239089,14.13
356600800400197334,301373.1,5277931.5,4.04,4.94,0.09334184,0.1959858,1.8502787,10.56
356600800400197335,301421.2,5277900.8,4.86,6.06,0.09326343,0.19581284,2.0810962,16.56
356600800400197336,301469.3,5277870.1,3.66,4.6,0.008978663,0.01803848,0.6365142,13.98
356600800400197337,301517.4,5277839.4,5.42,6.62,0.14495498,0.31321847,2.0436785,10.80
356600800400197338,301565.5,5277808.7,2.92,3.59,0.007266956,0.014587011,1.1090913,5.76
356600800400197339,301613.4,5277778.2,2.95,3.63,0.011860034,0.023861941,1.4732906,5.00
356600800400197340,301661.4,5277747.6,3.4,4.04,0.075382166,0.15675351,1.3118129,4.42
356600800400197341,301709.4,5277717.0,3.03,3.81,0.026945736,0.05463133,1.8330089,4.09
356600800400197342,301757.3,5277686.5,2.88,3.59,0.0074739484,0.015004072,1.0029547,6.09
356600800400197343,301805.4,5277655.8,3.89,4.75,0.09476814,0.19913474,1.6952784,6.73
356600800400197344,301853.4,5277625.1,2.69,3.33,0.005984995,0.012005976,0.7708521,5.39
356600800400197345,301901.4,5277594.5,2.88,3.59,0.04163074,0.0850454,1.6124763,6.43
356600800400197346,301949.5,5277563.8,3.7,4.45,0.070753105,0.14676507,1.548856,7.82
356600800400197347,301997.6,5277533.1,3.4,4.26,0.0032902644,0.006591385,0.92577964,8.58
356600800400197348,302045.7,5277502.4,2.62,3.21,0.006000146,0.01203646,1.560209,6.52
356600800400197349,302093.5,5277471.9,2.8,3.55,0.016708024,0.033698533,1.6374449,5.57
356600800400197350,302141.6,5277441.2,4.56,5.5,0.07012022,0.14540334,1.8756236,9.51
356600800400197351,302189.7,5277410.4,4.3,5.16,0.013111931,0.026397413,1.8084053,10.04
356601100400191849,290125.7,5284392.5,2.13,2.62,0.008493628,0.017059851,0.89663124,6.30
356601100400191854,290364.8,5284239.2,6.81,7.9,0.20211414,0.45161158,2.0955803,11.30
356601100400191855,290412.7,5284208.5,5.61,6.62,0.2854962,0.672408,1.917625,9.22
356601100400191856,290460.6,5284177.8,4.45,5.39,0.11472702,0.24372749,1.9205434,7.69
356601100400191857,290508.5,5284147.0,4.04,4.97,0.01865933,0.037671432,1.5831796,5.95
356601100400191858,290556.5,5284116.3,9.8,10.7,0.46212608,1.2405415,2.3187332,6.87
356601100400191859,290604.5,5284085.5,6.02,7.6,0.055284016,0.11374381,2.2554882,6.70
356601100400191860,290652.3,5284054.8,8.31,9.24,0.32679218,0.7915072,2.2959843,7.53
356601100400191861,290700.3,5284024.0,11.04,11.94,0.49445534,1.3645835,2.4973733,7.79
356601100400191887,291947.7,5283226.1,4.11,5.2,0.0503535,0.10333253,1.858325,10.83
356601100400191907,293003.2,5282551.4,8.98,9.92,0.32200366,0.7773276,2.2593446,4.46
356601100400191908,293051.2,5282520.8,7.82,9.39,0.1885641,0.41792715,2.2944877,4.25
356601100400191909,293099.2,5282490.1,6.7,7.71,0.34387827,0.84293777,2.0864227,5.43
356601100400191910,293147.3,5282459.3,5.01,5.99,0.092316985,0.19372578,2.0331624,7.46
356601100400191911,293195.3,5282428.6,3.59,4.45,0.15581016,0.33877352,1.6538436,6.34
356601100400191912,293243.4,5282397.8,3.78,4.64,0.12642711,0.2703386,1.7287577,6.27
356601100400191913,293291.3,5282367.2,5.61,6.51,0.30531305,0.7286757,1.9176695,5.31
356601100400191914,293339.2,5282336.7,3.63,4.53,0.08594667,0.1797376,1.7374651,5.41
356601100400191915,293387.1,5282306.0,2.73,3.55,0.042435594,0.086725704,1.439782,5.65
356601100400191916,293435.0,5282275.5,2.77,3.48,0.0870884,0.18223745,1.4361109,3.99
356601100400191917,293482.8,5282244.9,2.58,3.44,0.089803346,0.18819453,1.4886212,1.57
356601100400191918,293530.8,5282214.4,4.11,5.01,0.04885925,0.10018794,1.3826927,5.71
356601100400191919,293578.5,5282183.9,5.01,5.84,0.20341833,0.45488384,1.7336036,10.48
356601100400191920,293626.2,5282153.5,4.83,5.76,0.14002897,0.30172712,1.9361333,14.96
356601100400191929,294055.6,5281880.1,4.26,5.2,0.062869005,0.12986691,1.8086978,17.55
356601100400191930,294103.5,5281849.6,3.85,4.86,0.08384291,0.17513949,1.8229251,11.20
356601100400191931,294151.6,5281818.9,4.19,5.05,0.09519511,0.20007794,1.8908627,13.38
356601100400191932,294199.7,5281788.2,6.51,7.86,0.11431267,0.24279155,2.1472578,19.11
356601100400191934,294296.5,5281726.2,7.3,8.46,0.32587734,0.78879035,2.1683376,15.09
356601100400191935,294344.6,5281695.5,3.59,4.83,0.109858505,0.23275793,1.776481,9.17
356601100400191936,294392.6,5281664.9,5.65,6.4,0.31852028,0.76707554,1.8367242,13.28
356601100400191964,295733.8,5280806.2,9.84,11.19,0.20944451,0.4700738,2.3091238,17.28
356601100400191965,295781.9,5280775.4,5.61,7.82,0.07989933,0.16654855,2.3108017,5.74
356601100400191966,295830.1,5280744.4,3.22,4.04,0.005966314,0.011968388,0.95354134,8.80
356601100400191967,295878.0,5280713.8,4.26,5.05,0.06248318,0.12904364,1.5511706,8.66
356601100400191968,295925.8,5280683.2,10.1,11.53,0.34792823,0.85532504,2.4015539,9.87
356601100400191969,295974.0,5280652.3,3.03,3.81,0.0074631236,0.014982257,0.6365142,12.28
356601100400191970,296022.1,5280621.5,3.18,4.0,0.008354314,0.016778855,0.7133735,13.06
356601100400191971,296070.0,5280590.9,4.04,4.94,0.070528656,0.14628181,1.7063739,13.62
356601100400191972,296117.7,5280560.4,7.63,8.53,0.41458705,1.0710773,2.0954492,10.09
356601100400191973,296165.5,5280529.9,5.76,7.18,0.16392171,0.35808593,2.0877354,11.99
356601100400191982,296599.0,5280252.4,24.26,25.16,0.8913106,4.4455237,3.1650927,18.95
356601100400191986,296790.7,5280129.9,4.97,6.02,0.1532254,0.33265856,1.9484061,12.73
356601100400191987,296838.5,5280099.4,3.59,4.38,0.053452834,0.10987075,1.7293307,14.26
356601100400191988,296886.1,5280069.1,3.1,3.93,0.086990684,0.18202338,1.5109433,12.38
356601100400191989,296934.2,5280038.4,4.34,5.31,0.052639507,0.10815292,1.9206694,10.00
356601100400191990,296982.4,5280007.5,4.08,4.97,0.004817052,0.009657396,0.9119007,12.01
356601100400191997,297318.5,5279792.3,2.54,3.1,0.0026424371,0.005291873,1.3557675,4.85
356601100400192061,300385.4,5277829.6,6.25,7.41,0.12637846,0.2702272,2.1201706,17.12
356601100400192062,300433.7,5277798.6,3.96,4.97,0.0044864845,0.008993169,0.95083654,14.55
356601100400192063,300482.0,5277767.8,4.6,5.69,0.003416969,0.006845647,0.92165875,13.96
356601100400192064,300530.3,5277736.9,6.47,7.33,0.20254984,0.4527042,1.9218175,14.90
356601100400192065,300578.7,5277706.0,3.48,4.26,0.0060873213,0.012211871,0.7703381,15.04
356601100400192066,300626.9,5277675.2,3.18,3.96,0.0024655221,0.0049371365,1.2608764,10.91
356601100400192067,300674.9,5277644.6,3.78,4.68,0.035793222,0.072899796,1.8698083,8.84
356601100400192068,300723.0,5277613.9,2.65,3.25,0.013712545,0.027614972,1.1154143,7.63
356601100400192069,300771.1,5277583.3,2.17,2.65,0.007812646,0.015686685,1.1780157,4.63
356601100400192070,300819.0,5277552.8,7.78,8.98,0.26269457,0.6095663,2.2559776,4.30
356601100400192071,300866.8,5277522.4,18.01,19.05,0.6271687,1.9740711,2.8915026,9.42
356601100400192072,300914.6,5277492.0,19.43,20.55,0.6743622,2.2450476,2.870657,9.20
356601100400192073,300962.5,5277461.5,18.27,19.35,0.66084135,2.1635876,2.8045964,9.83
356601100400192074,301010.4,5277431.0,3.66,4.3,0.120333485,0.25643483,1.5474098,8.04
356601100400192078,301202.3,5277308.8,3.59,4.56,0.06081749,0.12549326,1.8500088,3.55
356601100400192079,301250.2,5277278.3,3.18,3.85,0.030221699,0.061376132,1.2305918,2.97
356601100400192080,301298.2,5277247.7,3.29,4.04,0.10155437,0.21418512,1.5175849,4.40
356601100400192081,301346.2,5277217.1,2.77,3.4,0.0087764,0.017630324,1.4261966,4.72
356601100400192082,301394.2,5277186.6,3.7,4.49,0.06338677,0.13097227,1.6457765,4.68
356601100400192083,301442.2,5277156.0,4.75,5.65,0.16907296,0.3704479,1.6902871,4.05
356601100400192084,301490.2,5277125.4,2.43,3.07,0.008056228,0.016177747,1.5911314,2.04
356601100400192085,301538.0,5277094.9,2.54,3.14,0.016890539,0.03406979,1.4345455,4.60
356601100400192086,301585.9,5277064.5,4.49,5.54,0.19779469,0.440812,1.7898494,2.53
356601100400192087,301633.7,5277034.0,8.53,9.62,0.31514806,0.75720054,2.2931933,2.82
356601100400192088,301681.8,5277003.4,3.85,4.75,0.08363886,0.17469406,1.7516489,8.23
356601100400192089,301729.9,5276972.6,2.99,3.7,0.007537584,0.015132303,1.0337518,9.77
356601100400192090,301778.0,5276942.0,10.37,11.71,0.3192784,0.76930225,2.447604,7.51
356601100400192091,301825.7,5276911.6,4.9,5.99,0.15382358,0.33407205,1.8940045,15.06
356601100400192092,301873.6,5276881.1,11.75,13.51,0.16631472,0.36381915,2.626291,14.35
356601100400192093,301921.7,5276850.4,2.99,3.78,0.037613697,0.07667956,1.6307601,9.19
356601100400192094,301969.7,5276819.8,2.54,3.18,0.03237865,0.065829515,1.6232859,3.00
356601100400192095,302017.6,5276789.2,2.54,3.14,0.018880915,0.038123086,1.2438104,3.95
356601100400192096,302065.6,5276758.5,2.54,3.14,0.0066744275,0.013393628,1.3517163,7.36
356601100400192097,302113.7,5276727.9,4.45,5.8,0.034875717,0.07099753,2.0324395,10.30
356601100400192098,302161.8,5276697.1,2.24,2.8,0.007812842,0.01568708,1.2571692,8.19
