archivo,beam,shot_number,lat,lon,este_utm19s,norte_utm19s,elev_lowestmode,l2a_quality_flag_rel3,degrade_flag,sensitivity,rh25,rh50,rh75,rh95,rh98,pendiente_grados,motivo,detalle
GEDI02_A_2024296191058_O33203_04_T06235_02_004_02_V003.h5,BEAM1011,332031100400192369,-42.556395,-71.415344,301713.8,5285617.4,973.5877,1,0,0.957664,-2.17,-0.44,1.15,3.18,3.92,,fuera del DEM,sin pendiente disponible
GEDI02_A_2024296191058_O33203_04_T06235_02_004_02_V003.h5,BEAM1011,332031100400192370,-42.556684,-71.414772,301761.7,5285586.6,976.45337,1,0,0.95420444,-1.15,0.29,1.9,4.37,5.23,,fuera del DEM,sin pendiente disponible
GEDI02_A_2024296191058_O33203_04_T06235_02_004_02_V003.h5,BEAM1011,332031100400192371,-42.556974,-71.414196,301809.9,5285555.7,986.7413,1,0,0.9571815,-1.83,0.37,2.73,6.54,8.0,,fuera del DEM,sin pendiente disponible
GEDI02_A_2024296191058_O33203_04_T06235_02_004_02_V003.h5,BEAM1011,332031100400192372,-42.557264,-71.413621,301858.1,5285524.9,995.6801,1,0,0.95971465,-2.5,-0.67,0.93,2.91,3.66,,fuera del DEM,sin pendiente disponible
GEDI02_A_2024296191058_O33203_04_T06235_02_004_02_V003.h5,BEAM1011,332031100400192373,-42.557553,-71.413048,301906.0,5285494.1,999.34155,1,0,0.9678785,-1.87,-0.18,1.38,3.32,4.0,,fuera del DEM,sin pendiente disponible
GEDI02_A_2024296191058_O33203_04_T06235_02_004_02_V003.h5,BEAM1011,332031100400192374,-42.557842,-71.412477,301953.8,5285463.4,1000.76184,1,0,0.95617,-1.57,-0.14,1.27,3.21,3.92,,fuera del DEM,sin pendiente disponible
GEDI02_A_2024296191058_O33203_04_T06235_02_004_02_V003.h5,BEAM1011,332031100400192375,-42.558131,-71.411904,302001.7,5285432.7,1004.9812,1,0,0.95816684,-1.04,0.48,2.24,4.71,5.53,,fuera del DEM,sin pendiente disponible
GEDI02_A_2024296191058_O33203_04_T06235_02_004_02_V003.h5,BEAM1011,332031100400192376,-42.558420,-71.411332,302049.7,5285401.9,1009.4329,1,0,0.9665464,-2.02,-0.14,1.64,4.07,4.97,,fuera del DEM,sin pendiente disponible
GEDI02_A_2024296191058_O33203_04_T06235_02_004_02_V003.h5,BEAM1011,332031100400192377,-42.558709,-71.410757,302097.7,5285371.1,1015.9737,1,0,0.95501584,-1.64,0.29,2.39,5.53,6.99,,fuera del DEM,sin pendiente disponible
GEDI02_A_2024296191058_O33203_04_T06235_02_004_02_V003.h5,BEAM1011,332031100400192378,-42.558999,-71.410182,302145.9,5285340.3,1024.5067,1,0,0.95576614,-1.94,-0.41,0.86,2.58,3.21,,fuera del DEM,sin pendiente disponible
GEDI02_A_2024296191058_O33203_04_T06235_02_004_02_V003.h5,BEAM1011,332031100400192379,-42.559286,-71.409616,302193.3,5285309.8,1017.41626,1,0,0.9602973,-1.12,0.0,1.19,3.06,3.96,,fuera del DEM,sin pendiente disponible
GEDI02_A_2024311132120_O33432_04_T08775_02_004_02_V003.h5,BEAM0000,334320000400262725,-42.635609,-71.597691,287013.4,5276377.5,1393.0546,1,0,0.9116058,-0.67,0.67,2.76,6.13,6.88,,fuera del DEM,sin pendiente disponible
GEDI02_A_2024311132120_O33432_04_T08775_02_004_02_V003.h5,BEAM0000,334320000400262749,-42.642522,-71.583947,288163.9,5275644.3,1381.3757,1,0,0.9574137,1.19,7.48,13.58,19.16,20.54,28.82,pendiente fuerte: la altura del dosel se sobrestima,pendiente=28.8 > 20 grados
GEDI02_A_2024311132120_O33432_04_T08775_02_004_02_V003.h5,BEAM0000,334320000400262750,-42.642816,-71.583355,288213.4,5275613.1,1416.571,1,0,0.9565536,4.97,8.15,11.41,15.79,16.76,24.58,pendiente fuerte: la altura del dosel se sobrestima,pendiente=24.6 > 20 grados
GEDI02_A_2024311132120_O33432_04_T08775_02_004_02_V003.h5,BEAM0000,334320000400262764,-42.646800,-71.575472,288873.2,5275190.4,1145.2037,1,0,0.95654887,3.25,7.07,11.03,14.25,14.85,33.16,pendiente fuerte: la altura del dosel se sobrestima,pendiente=33.2 > 20 grados
GEDI02_A_2024311132120_O33432_04_T08775_02_004_02_V003.h5,BEAM0000,334320000400262773,-42.649635,-71.569865,289342.5,5274889.5,902.9298,1,0,0.97044295,1.98,4.67,7.85,12.12,12.94,30.36,pendiente fuerte: la altura del dosel se sobrestima,pendiente=30.4 > 20 grados
GEDI02_A_2024311132120_O33432_04_T08775_02_004_02_V003.h5,BEAM0000,334320000400262809,-42.660328,-71.548500,291129.6,5273755.2,1179.7446,1,0,0.9629354,1.3,4.22,8.45,14.18,15.26,23.48,pendiente fuerte: la altura del dosel se sobrestima,pendiente=23.5 > 20 grados
GEDI02_A_2024311132120_O33432_04_T08775_02_004_02_V003.h5,BEAM0000,334320000400262812,-42.661184,-71.546806,291271.4,5273664.2,1129.1276,1,0,0.9525574,6.84,18.82,23.68,27.28,28.06,26.20,pendiente fuerte: la altura del dosel se sobrestima,pendiente=26.2 > 20 grados
GEDI02_A_2024311132120_O33432_04_T08775_02_004_02_V003.h5,BEAM0000,334320000400262814,-42.661763,-71.545653,291367.8,5273602.8,1140.0028,1,0,0.9550712,-1.68,0.48,2.99,5.27,5.91,24.57,pendiente fuerte: la altura del dosel se sobrestima,pendiente=24.6 > 20 grados
GEDI02_A_2024311132120_O33432_04_T08775_02_004_02_V003.h5,BEAM0000,334320000400262815,-42.662046,-71.545097,291414.3,5273572.8,1106.6195,1,0,0.95701003,2.65,15.23,21.74,25.29,26.04,27.13,pendiente fuerte: la altura del dosel se sobrestima,pendiente=27.1 > 20 grados
GEDI02_A_2024311132120_O33432_04_T08775_02_004_02_V003.h5,BEAM0000,334320000400262856,-42.673883,-71.521563,293382.4,5272316.0,1168.9912,1,0,0.95847553,0.59,3.77,6.96,10.32,11.15,21.21,pendiente fuerte: la altura del dosel se sobrestima,pendiente=21.2 > 20 grados
GEDI02_A_2024311132120_O33432_04_T08775_02_004_02_V003.h5,BEAM0000,334320000400262865,-42.676496,-71.516356,293817.8,5272038.6,1250.9545,1,0,0.9522773,2.43,6.66,9.28,13.02,14.03,28.68,pendiente fuerte: la altura del dosel se sobrestima,pendiente=28.7 > 20 grados
GEDI02_A_2024311132120_O33432_04_T08775_02_004_02_V003.h5,BEAM0000,334320000400262880,-42.680847,-71.507702,294541.2,5271576.5,1345.0658,1,0,0.9689233,8.23,15.45,18.59,22.0,22.93,21.36,pendiente fuerte: la altura del dosel se sobrestima,pendiente=21.4 > 20 grados
GEDI02_A_2024311132120_O33432_04_T08775_02_004_02_V003.h5,BEAM0000,334320000400262881,-42.681132,-71.507143,294587.9,5271546.3,1318.47,1,0,0.9514397,1.42,13.73,20.35,24.88,25.7,20.95,pendiente fuerte: la altura del dosel se sobrestima,pendiente=20.9 > 20 grados
GEDI02_A_2024311132120_O33432_04_T08775_02_004_02_V003.h5,BEAM0000,334320000400262903,-42.687464,-71.494591,295637.2,5270873.5,1222.8833,1,0,0.95315844,2.02,4.86,7.74,10.29,11.03,31.29,pendiente fuerte: la altura del dosel se sobrestima,pendiente=31.3 > 20 grados
GEDI02_A_2024311132120_O33432_04_T08775_02_004_02_V003.h5,BEAM0000,334320000400262904,-42.687747,-71.494033,295683.8,5270843.5,1193.9402,1,0,0.951866,2.65,6.51,10.14,13.02,13.95,29.92,pendiente fuerte: la altura del dosel se sobrestima,pendiente=29.9 > 20 grados
GEDI02_A_2024311132120_O33432_04_T08775_02_004_02_V003.h5,BEAM0000,334320000400262905,-42.688029,-71.493477,295730.3,5270813.4,1161.2167,1,0,0.9560262,0.18,2.8,9.87,16.09,17.06,24.33,pendiente fuerte: la altura del dosel se sobrestima,pendiente=24.3 > 20 grados
GEDI02_A_2024311132120_O33432_04_T08775_02_004_02_V003.h5,BEAM0001,334320100400258121,-42.642556,-71.597307,287068.7,5275607.0,1309.6472,1,0,0.96637607,3.85,6.92,9.35,11.6,12.19,,fuera del DEM,sin pendiente disponible
GEDI02_A_2024311132120_O33432_04_T08775_02_004_02_V003.h5,BEAM0001,334320100400258122,-42.642841,-71.596743,287115.9,5275576.6,1293.161,1,0,0.952962,2.99,7.93,11.71,14.81,15.64,,fuera del DEM,sin pendiente disponible
GEDI02_A_2024311132120_O33432_04_T08775_02_004_02_V003.h5,BEAM0001,334320100400258124,-42.643409,-71.595627,287209.3,5275516.4,1235.8888,1,0,0.95312643,5.16,11.93,15.64,19.64,20.47,27.62,pendiente fuerte: la altura del dosel se sobrestima,pendiente=27.6 > 20 grados
GEDI02_A_2024311132120_O33432_04_T08775_02_004_02_V003.h5,BEAM0001,334320100400258154,-42.652035,-71.578487,288643.8,5274601.5,1135.1869,1,0,0.9560741,4.15,7.18,9.61,13.54,14.52,33.27,pendiente fuerte: la altura del dosel se sobrestima,pendiente=33.3 > 20 grados
GEDI02_A_2024311132120_O33432_04_T08775_02_004_02_V003.h5,BEAM0001,334320100400258156,-42.652602,-71.577370,288737.2,5274541.4,1077.7748,1,0,0.96688616,10.25,19.31,24.96,30.42,31.28,24.68,pendiente fuerte: la altura del dosel se sobrestima,pendiente=24.7 > 20 grados
GEDI02_A_2024311132120_O33432_04_T08775_02_004_02_V003.h5,BEAM0001,334320100400258159,-42.653460,-71.575665,288879.9,5274450.3,1049.1014,1,0,0.9594053,-2.84,2.73,7.63,12.61,13.47,26.12,pendiente fuerte: la altura del dosel se sobrestima,pendiente=26.1 > 20 grados
GEDI02_A_2024311132120_O33432_04_T08775_02_004_02_V003.h5,BEAM0001,334320100400258160,-42.653741,-71.575115,288926.0,5274420.4,1004.967,1,0,0.9541208,4.34,16.24,20.8,23.83,24.66,24.70,pendiente fuerte: la altura del dosel se sobrestima,pendiente=24.7 > 20 grados
GEDI02_A_2024311132120_O33432_04_T08775_02_004_02_V003.h5,BEAM0001,334320100400258161,-42.654315,-71.573975,289021.3,5274359.6,990.6627,1,0,0.9505157,3.77,6.88,9.76,12.53,13.13,23.69,pendiente fuerte: la altura del dosel se sobrestima,pendiente=23.7 > 20 grados
GEDI02_A_2024311132120_O33432_04_T08775_02_004_02_V003.h5,BEAM0001,334320100400258163,-42.654883,-71.572851,289115.4,5274299.3,946.2295,1,0,0.980113,1.19,4.3,6.66,10.14,10.89,21.76,pendiente fuerte: la altura del dosel se sobrestima,pendiente=21.8 > 20 grados
GEDI02_A_2024311132120_O33432_04_T08775_02_004_02_V003.h5,BEAM0001,334320100400258166,-42.655732,-71.571180,289255.2,5274209.2,853.4417,1,0,0.9523324,-0.44,0.67,2.76,7.52,8.23,24.26,pendiente fuerte: la altura del dosel se sobrestima,pendiente=24.3 > 20 grados
GEDI02_A_2024311132120_O33432_04_T08775_02_004_02_V003.h5,BEAM0001,334320100400258185,-42.661219,-71.560198,290173.9,5273627.2,1015.35986,1,0,0.95858264,0.89,3.89,6.54,9.5,10.25,23.66,pendiente fuerte: la altura del dosel se sobrestima,pendiente=23.7 > 20 grados
GEDI02_A_2024311132120_O33432_04_T08775_02_004_02_V003.h5,BEAM0001,334320100400258186,-42.661511,-71.559610,290223.0,5273596.3,1042.1965,1,0,0.95471305,1.3,3.66,6.24,9.35,10.1,26.78,pendiente fuerte: la altura del dosel se sobrestima,pendiente=26.8 > 20 grados
GEDI02_A_2024311132120_O33432_04_T08775_02_004_02_V003.h5,BEAM0001,334320100400258200,-42.665835,-71.550987,290944.3,5273137.4,1082.3156,1,0,0.9581082,1.53,4.0,6.84,11.03,11.86,25.48,pendiente fuerte: la altura del dosel se sobrestima,pendiente=25.5 > 20 grados
GEDI02_A_2024311132120_O33432_04_T08775_02_004_02_V003.h5,BEAM0001,334320100400258201,-42.666120,-71.550426,290991.2,5273107.2,1058.0504,1,0,0.9567317,3.4,6.09,8.86,11.82,12.57,26.34,pendiente fuerte: la altura del dosel se sobrestima,pendiente=26.3 > 20 grados
GEDI02_A_2024311132120_O33432_04_T08775_02_004_02_V003.h5,BEAM0001,334320100400258235,-42.675942,-71.530875,292626.2,5272064.6,1162.6412,1,0,0.95842785,6.54,13.09,18.74,23.01,23.98,21.38,pendiente fuerte: la altura del dosel se sobrestima,pendiente=21.4 > 20 grados
GEDI02_A_2024311132120_O33432_04_T08775_02_004_02_V003.h5,BEAM0001,334320100400258239,-42.677111,-71.528529,292822.3,5271940.6,1262.668,1,0,0.95869666,-0.03,1.94,4.04,6.69,7.33,26.14,pendiente fuerte: la altura del dosel se sobrestima,pendiente=26.1 > 20 grados
GEDI02_A_2024311132120_O33432_04_T08775_02_004_02_V003.h5,BEAM0001,334320100400258241,-42.677695,-71.527356,292920.4,5271878.5,1313.9153,1,0,0.9617264,3.66,6.28,8.45,11.6,12.46,28.23,pendiente fuerte: la altura del dosel se sobrestima,pendiente=28.2 > 20 grados
GEDI02_A_2024311132120_O33432_04_T08775_02_004_02_V003.h5,BEAM0001,334320100400258244,-42.678570,-71.525603,293066.9,5271785.7,1375.5155,1,0,0.9545757,1.45,4.07,6.13,8.27,8.75,36.99,pendiente fuerte: la altura del dosel se sobrestima,pendiente=37.0 > 20 grados
GEDI02_A_2024311132120_O33432_04_T08775_02_004_02_V003.h5,BEAM0001,334320100400258279,-42.688671,-71.505564,294742.2,5270712.9,1307.7219,1,0,0.9562313,6.43,10.1,13.13,16.42,17.32,24.08,pendiente fuerte: la altura del dosel se sobrestima,pendiente=24.1 > 20 grados
GEDI02_A_2024311132120_O33432_04_T08775_02_004_02_V003.h5,BEAM0001,334320100400258280,-42.688957,-71.504999,294789.4,5270682.5,1293.007,1,0,0.9525916,10.02,14.52,18.29,22.37,23.31,24.82,pendiente fuerte: la altura del dosel se sobrestima,pendiente=24.8 > 20 grados
GEDI02_A_2024311132120_O33432_04_T08775_02_004_02_V003.h5,BEAM0001,334320100400258281,-42.689247,-71.504422,294837.7,5270651.6,1300.4098,1,0,0.95374566,-1.53,1.12,4.15,8.08,8.86,21.62,pendiente fuerte: la altura del dosel se sobrestima,pendiente=21.6 > 20 grados
GEDI02_A_2024311132120_O33432_04_T08775_02_004_02_V003.h5,BEAM0001,334320100400258291,-42.692122,-71.498734,295313.0,5270346.2,1223.5236,1,0,0.9529022,6.02,13.5,18.26,21.44,22.11,24.64,pendiente fuerte: la altura del dosel se sobrestima,pendiente=24.6 > 20 grados
GEDI02_A_2024311132120_O33432_04_T08775_02_004_02_V003.h5,BEAM0001,334320100400258292,-42.692407,-71.498175,295359.8,5270316.0,1198.4131,1,0,0.9716123,6.24,13.09,18.78,25.03,25.97,28.38,pendiente fuerte: la altura del dosel se sobrestima,pendiente=28.4 > 20 grados
GEDI02_A_2024311132120_O33432_04_T08775_02_004_02_V003.h5,BEAM0001,334320100400258296,-42.693554,-71.495900,295549.9,5270194.0,1165.8422,1,0,0.9507007,3.96,7.97,11.6,15.56,16.69,,fuera del DEM,sin pendiente disponible
GEDI02_A_2024311132120_O33432_04_T08775_02_004_02_V003.h5,BEAM0001,334320100400258299,-42.694416,-71.494186,295693.1,5270102.4,1156.796,1,0,0.9653232,7.11,10.44,14.93,18.44,19.08,,fuera del DEM,sin pendiente disponible
GEDI02_A_2024311132120_O33432_04_T08775_02_004_02_V003.h5,BEAM0001,334320100400258301,-42.694991,-71.493044,295788.6,5270041.4,1148.7611,1,0,0.9532628,1.27,7.44,11.97,16.35,17.36,,fuera del DEM,sin pendiente disponible
GEDI02_A_2024311132120_O33432_04_T08775_02_004_02_V003.h5,BEAM0010,334320200400263183,-42.650424,-71.591473,287573.7,5274747.9,1233.0557,1,0,0.9615901,2.47,6.99,10.18,14.03,14.63,32.44,pendiente fuerte: la altura del dosel se sobrestima,pendiente=32.4 > 20 grados
GEDI02_A_2024311132120_O33432_04_T08775_02_004_02_V003.h5,BEAM0010,334320200400263184,-42.650715,-71.590888,287622.7,5274717.0,1257.2644,1,0,0.977609,5.61,8.57,11.75,15.53,16.65,30.78,pendiente fuerte: la altura del dosel se sobrestima,pendiente=30.8 > 20 grados
GEDI02_A_2024311132120_O33432_04_T08775_02_004_02_V003.h5,BEAM0010,334320200400263185,-42.651007,-71.590300,287671.9,5274686.1,1289.0006,1,0,0.9117346,-1.79,0.22,2.24,4.94,5.83,22.03,pendiente fuerte: la altura del dosel se sobrestima,pendiente=22.0 > 20 grados
GEDI02_A_2024311132120_O33432_04_T08775_02_004_02_V003.h5,BEAM0010,334320200400263198,-42.654736,-71.582925,288289.1,5274290.4,1131.4862,1,0,0.95437795,9.43,16.28,21.82,27.32,28.29,33.83,pendiente fuerte: la altura del dosel se sobrestima,pendiente=33.8 > 20 grados
GEDI02_A_2024311132120_O33432_04_T08775_02_004_02_V003.h5,BEAM0010,334320200400263200,-42.655308,-71.581801,288383.2,5274229.8,1087.3513,1,0,0.966271,7.26,11.04,14.29,18.56,20.06,22.86,pendiente fuerte: la altura del dosel se sobrestima,pendiente=22.9 > 20 grados
GEDI02_A_2024311132120_O33432_04_T08775_02_004_02_V003.h5,BEAM0010,334320200400263206,-42.657028,-71.578397,288668.1,5274047.2,1015.38885,1,0,0.9579039,1.53,6.88,12.27,16.58,17.4,20.11,pendiente fuerte: la altura del dosel se sobrestima,pendiente=20.1 > 20 grados
GEDI02_A_2024311132120_O33432_04_T08775_02_004_02_V003.h5,BEAM0010,334320200400263211,-42.658456,-71.575582,288903.6,5273895.7,911.7523,1,0,0.9758335,15.57,20.28,22.34,25.11,26.16,24.82,pendiente fuerte: la altura del dosel se sobrestima,pendiente=24.8 > 20 grados
GEDI02_A_2024311132120_O33432_04_T08775_02_004_02_V003.h5,BEAM0010,334320200400263223,-42.661906,-71.568729,289476.9,5273529.7,859.4088,1,0,0.95031923,0.82,3.89,6.32,9.46,10.44,22.83,pendiente fuerte: la altura del dosel se sobrestima,pendiente=22.8 > 20 grados
GEDI02_A_2024311132120_O33432_04_T08775_02_004_02_V003.h5,BEAM0010,334320200400263225,-42.662486,-71.567565,289574.3,5273468.2,895.565,1,0,0.95923185,4.56,8.08,11.71,17.1,18.11,26.97,pendiente fuerte: la altura del dosel se sobrestima,pendiente=27.0 > 20 grados
GEDI02_A_2024311132120_O33432_04_T08775_02_004_02_V003.h5,BEAM0010,334320200400263226,-42.662776,-71.566982,289623.1,5273437.4,915.4346,1,0,0.9520077,1.6,4.15,6.66,10.25,11.11,20.35,pendiente fuerte: la altura del dosel se sobrestima,pendiente=20.3 > 20 grados
GEDI02_A_2024311132120_O33432_04_T08775_02_004_02_V003.h5,BEAM0010,334320200400263283,-42.679209,-71.534124,292370.9,5271693.8,1234.396,1,0,0.9526692,3.29,8.27,13.73,19.65,20.51,20.84,pendiente fuerte: la altura del dosel se sobrestima,pendiente=20.8 > 20 grados
GEDI02_A_2024311132120_O33432_04_T08775_02_004_02_V003.h5,BEAM0010,334320200400263286,-42.680080,-71.532379,292516.8,5271601.4,1281.5498,1,0,0.9682945,3.25,17.03,21.41,25.26,26.31,23.70,pendiente fuerte: la altura del dosel se sobrestima,pendiente=23.7 > 20 grados
GEDI02_A_2024311132120_O33432_04_T08775_02_004_02_V003.h5,BEAM0010,334320200400263287,-42.680370,-71.531794,292565.6,5271570.6,1301.9313,1,0,0.95999753,12.98,20.84,26.12,32.71,33.98,25.93,pendiente fuerte: la altura del dosel se sobrestima,pendiente=25.9 > 20 grados
GEDI02_A_2024311132120_O33432_04_T08775_02_004_02_V003.h5,BEAM0010,334320200400263292,-42.681835,-71.528829,292813.4,5271415.2,1495.0127,1,0,0.97575355,1.45,4.26,6.51,8.79,9.5,22.78,pendiente fuerte: la altura del dosel se sobrestima,pendiente=22.8 > 20 grados
GEDI02_A_2024311132120_O33432_04_T08775_02_004_02_V003.h5,BEAM0011,334320300400258245,-42.655930,-71.593969,287387.9,5274130.1,1116.2485,1,0,0.9621258,2.99,7.26,10.78,14.63,15.49,21.20,pendiente fuerte: la altura del dosel se sobrestima,pendiente=21.2 > 20 grados
GEDI02_A_2024311132120_O33432_04_T08775_02_004_02_V003.h5,BEAM0011,334320300400258247,-42.656506,-71.592826,287483.6,5274069.0,1110.1012,1,0,0.9571287,-2.09,0.11,2.32,6.06,6.99,20.73,pendiente fuerte: la altura del dosel se sobrestima,pendiente=20.7 > 20 grados
GEDI02_A_2024311132120_O33432_04_T08775_02_004_02_V003.h5,BEAM0011,334320300400258254,-42.658524,-71.588816,287819.1,5273855.0,1104.1539,1,0,0.96454585,-0.52,1.72,3.85,6.99,7.71,31.56,pendiente fuerte: la altura del dosel se sobrestima,pendiente=31.6 > 20 grados
GEDI02_A_2024311132120_O33432_04_T08775_02_004_02_V003.h5,BEAM0011,334320300400258255,-42.658808,-71.588266,287865.2,5273824.9,1057.8002,1,0,0.9660502,7.18,12.68,17.59,23.61,24.4,32.93,pendiente fuerte: la altura del dosel se sobrestima,pendiente=32.9 > 20 grados
GEDI02_A_2024311132120_O33432_04_T08775_02_004_02_V003.h5,BEAM0011,334320300400258256,-42.659095,-71.587698,287912.7,5273794.4,1046.4962,1,0,0.96881247,6.92,11.37,15.0,19.12,20.13,21.16,pendiente fuerte: la altura del dosel se sobrestima,pendiente=21.2 > 20 grados
GEDI02_A_2024311132120_O33432_04_T08775_02_004_02_V003.h5,BEAM0011,334320300400258261,-42.660536,-71.584837,288152.1,5273641.6,1036.1382,1,0,0.96401715,11.19,15.94,18.97,21.93,22.83,23.17,pendiente fuerte: la altura del dosel se sobrestima,pendiente=23.2 > 20 grados
GEDI02_A_2024311132120_O33432_04_T08775_02_004_02_V003.h5,BEAM0011,334320300400258263,-42.661108,-71.583708,288246.6,5273580.8,1000.1559,1,0,0.9531959,1.23,4.19,7.48,11.94,12.68,21.72,pendiente fuerte: la altura del dosel se sobrestima,pendiente=21.7 > 20 grados
GEDI02_A_2024311132120_O33432_04_T08775_02_004_02_V003.h5,BEAM0011,334320300400258264,-42.661399,-71.583125,288295.4,5273550.1,1019.8211,1,0,0.9556366,0.26,9.39,15.53,18.75,19.65,32.03,pendiente fuerte: la altura del dosel se sobrestima,pendiente=32.0 > 20 grados
GEDI02_A_2024311132120_O33432_04_T08775_02_004_02_V003.h5,BEAM0011,334320300400258269,-42.662837,-71.580271,288534.1,5273397.5,993.2975,1,0,0.97545624,4.45,9.32,13.99,16.69,17.48,20.64,pendiente fuerte: la altura del dosel se sobrestima,pendiente=20.6 > 20 grados
GEDI02_A_2024311132120_O33432_04_T08775_02_004_02_V003.h5,BEAM0011,334320300400258270,-42.663123,-71.579708,288581.2,5273367.1,972.0572,1,0,0.9609406,3.66,11.79,17.51,22.0,23.13,44.17,pendiente fuerte: la altura del dosel se sobrestima,pendiente=44.2 > 20 grados
GEDI02_A_2024311132120_O33432_04_T08775_02_004_02_V003.h5,BEAM0011,334320300400258272,-42.663690,-71.578610,288673.2,5273307.0,874.4733,1,0,0.96168154,4.94,8.53,12.09,16.91,17.92,33.89,pendiente fuerte: la altura del dosel se sobrestima,pendiente=33.9 > 20 grados
GEDI02_A_2024311132120_O33432_04_T08775_02_004_02_V003.h5,BEAM0011,334320300400258284,-42.667147,-71.571727,289249.0,5272940.2,884.21204,1,0,0.95767,3.85,7.14,11.79,17.1,17.96,20.25,pendiente fuerte: la altura del dosel se sobrestima,pendiente=20.3 > 20 grados
GEDI02_A_2024311132120_O33432_04_T08775_02_004_02_V003.h5,BEAM0011,334320300400258286,-42.667728,-71.570556,289346.9,5272878.6,932.83655,1,0,0.9608143,1.53,4.9,7.82,12.46,13.58,34.25,pendiente fuerte: la altura del dosel se sobrestima,pendiente=34.2 > 20 grados
GEDI02_A_2024311132120_O33432_04_T08775_02_004_02_V003.h5,BEAM0011,334320300400258288,-42.668312,-71.569371,289446.0,5272816.7,1010.323,1,0,0.9567862,-0.07,3.06,5.72,8.19,8.98,21.70,pendiente fuerte: la altura del dosel se sobrestima,pendiente=21.7 > 20 grados
GEDI02_A_2024311132120_O33432_04_T08775_02_004_02_V003.h5,BEAM0011,334320300400258312,-42.675228,-71.555548,290602.1,5272083.0,1117.7799,1,0,0.97868466,4.26,7.44,11.07,15.68,16.58,24.12,pendiente fuerte: la altura del dosel se sobrestima,pendiente=24.1 > 20 grados
GEDI02_A_2024311132120_O33432_04_T08775_02_004_02_V003.h5,BEAM0011,334320300400258313,-42.675519,-71.554959,290651.3,5272052.2,1148.0806,1,0,0.95307064,1.31,3.44,5.8,9.13,9.99,21.85,pendiente fuerte: la altura del dosel se sobrestima,pendiente=21.9 > 20 grados
GEDI02_A_2024311132120_O33432_04_T08775_02_004_02_V003.h5,BEAM0011,334320300400258327,-42.679546,-71.546912,291324.2,5271624.8,1178.5746,1,0,0.9578376,3.33,9.61,13.77,17.92,18.86,22.01,pendiente fuerte: la altura del dosel se sobrestima,pendiente=22.0 > 20 grados
GEDI02_A_2024311132120_O33432_04_T08775_02_004_02_V003.h5,BEAM0011,334320300400258336,-42.682146,-71.541690,291760.8,5271349.0,1300.165,1,0,0.90312743,-1.72,0.59,3.18,6.99,8.04,20.60,pendiente fuerte: la altura del dosel se sobrestima,pendiente=20.6 > 20 grados
GEDI02_A_2024311132120_O33432_04_T08775_02_004_02_V003.h5,BEAM0011,334320300400258337,-42.682436,-71.541107,291809.5,5271318.3,1318.4711,1,0,0.9116994,-3.7,-0.86,1.53,4.3,5.09,21.00,pendiente fuerte: la altura del dosel se sobrestima,pendiente=21.0 > 20 grados
GEDI02_A_2024311132120_O33432_04_T08775_02_004_02_V003.h5,BEAM0011,334320300400258355,-42.687644,-71.530660,292682.8,5270765.6,1555.5956,1,0,0.91987985,-1.34,-0.11,1.04,2.58,3.14,23.22,pendiente fuerte: la altura del dosel se sobrestima,pendiente=23.2 > 20 grados
GEDI02_A_2024311132120_O33432_04_T08775_02_004_02_V003.h5,BEAM0011,334320300400258360,-42.689082,-71.527811,292921.0,5270612.9,1512.43,1,0,0.9062306,-2.13,0.26,2.65,6.88,8.27,30.69,pendiente fuerte: la altura del dosel se sobrestima,pendiente=30.7 > 20 grados
GEDI02_A_2024311132120_O33432_04_T08775_02_004_02_V003.h5,BEAM0011,334320300400258372,-42.692547,-71.520907,293498.0,5270245.1,1550.9017,1,0,0.91819507,-1.45,0.03,1.57,3.7,4.56,20.74,pendiente fuerte: la altura del dosel se sobrestima,pendiente=20.7 > 20 grados
GEDI02_A_2024311132120_O33432_04_T08775_02_004_02_V003.h5,BEAM0011,334320300400258374,-42.693121,-71.519771,293593.0,5270184.1,1529.7737,1,0,0.91524315,-1.38,0.03,1.49,3.44,4.11,,fuera del DEM,sin pendiente disponible
GEDI02_A_2024311132120_O33432_04_T08775_02_004_02_V003.h5,BEAM0011,334320300400258375,-42.693407,-71.519206,293640.2,5270153.6,1511.6957,1,0,0.9130381,-2.13,-0.29,1.38,3.51,4.15,,fuera del DEM,sin pendiente disponible
GEDI02_A_2024311132120_O33432_04_T08775_02_004_02_V003.h5,BEAM0011,334320300400258377,-42.693980,-71.518078,293734.5,5270092.8,1473.773,1,0,0.91189003,3.66,10.14,12.61,15.15,15.87,,fuera del DEM,sin pendiente disponible
GEDI02_A_2024311132120_O33432_04_T08775_02_004_02_V003.h5,BEAM0101,334320500400258174,-42.663463,-71.597781,287101.1,5273283.9,1286.1709,1,0,0.97950464,8.45,17.32,21.44,26.15,27.84,,fuera del DEM,sin pendiente disponible
GEDI02_A_2024311132120_O33432_04_T08775_02_004_02_V003.h5,BEAM0101,334320500400258175,-42.663751,-71.597211,287148.9,5273253.5,1281.363,1,0,0.97610277,11.71,15.0,18.03,21.74,22.86,,fuera del DEM,sin pendiente disponible
GEDI02_A_2024311132120_O33432_04_T08775_02_004_02_V003.h5,BEAM0101,334320500400258176,-42.664037,-71.596647,287196.0,5273223.1,1264.0889,1,0,0.97378856,2.95,12.12,15.64,20.31,21.59,,fuera del DEM,sin pendiente disponible
GEDI02_A_2024311132120_O33432_04_T08775_02_004_02_V003.h5,BEAM0101,334320500400258179,-42.664903,-71.594913,287341.1,5273131.2,1288.5417,1,0,0.9558318,0.56,5.46,8.83,13.28,14.44,20.31,pendiente fuerte: la altura del dosel se sobrestima,pendiente=20.3 > 20 grados
GEDI02_A_2024311132120_O33432_04_T08775_02_004_02_V003.h5,BEAM0101,334320500400258180,-42.665194,-71.594324,287390.4,5273100.4,1315.6782,1,0,0.9563601,-2.69,-0.33,1.98,5.23,6.69,20.22,pendiente fuerte: la altura del dosel se sobrestima,pendiente=20.2 > 20 grados
GEDI02_A_2024311132120_O33432_04_T08775_02_004_02_V003.h5,BEAM0101,334320500400258184,-42.666345,-71.592034,287582.0,5272978.4,1307.0444,1,0,0.9518092,4.11,11.52,14.55,17.25,18.11,20.97,pendiente fuerte: la altura del dosel se sobrestima,pendiente=21.0 > 20 grados
GEDI02_A_2024311132120_O33432_04_T08775_02_004_02_V003.h5,BEAM0101,334320500400258185,-42.666631,-71.591472,287629.1,5272948.1,1288.2731,1,0,0.98193586,0.97,7.25,12.04,16.8,18.37,27.39,pendiente fuerte: la altura del dosel se sobrestima,pendiente=27.4 > 20 grados
GEDI02_A_2024311132120_O33432_04_T08775_02_004_02_V003.h5,BEAM0101,334320500400258186,-42.666913,-71.590922,287675.0,5272918.1,1245.3479,1,0,0.98130673,8.38,16.35,20.61,25.74,27.35,35.34,pendiente fuerte: la altura del dosel se sobrestima,pendiente=35.3 > 20 grados
GEDI02_A_2024311132120_O33432_04_T08775_02_004_02_V003.h5,BEAM0101,334320500400258187,-42.667196,-71.590371,287721.2,5272888.0,1205.7571,1,0,0.97399145,2.88,12.57,18.14,23.72,24.84,37.83,pendiente fuerte: la altura del dosel se sobrestima,pendiente=37.8 > 20 grados
GEDI02_A_2024311132120_O33432_04_T08775_02_004_02_V003.h5,BEAM0101,334320500400258188,-42.667479,-71.589822,287767.1,5272858.0,1162.5234,1,0,0.9832043,7.97,14.89,21.81,29.18,31.8,38.48,pendiente fuerte: la altura del dosel se sobrestima,pendiente=38.5 > 20 grados
GEDI02_A_2024311132120_O33432_04_T08775_02_004_02_V003.h5,BEAM0101,334320500400258189,-42.667763,-71.589269,287813.4,5272827.9,1126.0552,1,0,0.991032,12.46,20.73,26.11,30.23,31.39,35.07,pendiente fuerte: la altura del dosel se sobrestima,pendiente=35.1 > 20 grados
GEDI02_A_2024311132120_O33432_04_T08775_02_004_02_V003.h5,BEAM0101,334320500400258190,-42.668046,-71.588717,287859.6,5272797.8,1088.2826,1,0,0.97596353,5.31,10.96,17.84,25.22,27.54,35.95,pendiente fuerte: la altura del dosel se sobrestima,pendiente=36.0 > 20 grados
GEDI02_A_2024311132120_O33432_04_T08775_02_004_02_V003.h5,BEAM0101,334320500400258191,-42.668330,-71.588160,287906.2,5272767.7,1058.6963,1,0,0.9793314,12.16,16.83,20.2,26.04,27.57,36.84,pendiente fuerte: la altura del dosel se sobrestima,pendiente=36.8 > 20 grados
GEDI02_A_2024311132120_O33432_04_T08775_02_004_02_V003.h5,BEAM0101,334320500400258192,-42.668614,-71.587605,287952.7,5272737.5,1025.5973,1,0,0.9807433,-0.63,2.58,5.91,9.39,10.7,33.67,pendiente fuerte: la altura del dosel se sobrestima,pendiente=33.7 > 20 grados
GEDI02_A_2024311132120_O33432_04_T08775_02_004_02_V003.h5,BEAM0101,334320500400258193,-42.668898,-71.587048,287999.3,5272707.4,996.5418,1,0,0.9837715,4.56,6.92,9.09,12.57,14.48,31.28,pendiente fuerte: la altura del dosel se sobrestima,pendiente=31.3 > 20 grados
GEDI02_A_2024311132120_O33432_04_T08775_02_004_02_V003.h5,BEAM0101,334320500400258194,-42.669181,-71.586498,288045.3,5272677.3,955.59174,1,0,0.9770686,4.78,7.67,10.88,14.66,15.82,35.14,pendiente fuerte: la altura del dosel se sobrestima,pendiente=35.1 > 20 grados
GEDI02_A_2024311132120_O33432_04_T08775_02_004_02_V003.h5,BEAM0101,334320500400258195,-42.669466,-71.585936,288092.4,5272647.1,935.84216,1,0,0.9498932,-1.6,0.11,1.94,5.12,6.32,34.42,pendiente fuerte: la altura del dosel se sobrestima,pendiente=34.4 > 20 grados
GEDI02_A_2024311132120_O33432_04_T08775_02_004_02_V003.h5,BEAM0101,334320500400258196,-42.669749,-71.585388,288138.2,5272617.1,890.62164,1,0,0.98097026,-2.17,0.74,3.7,9.16,11.07,36.73,pendiente fuerte: la altura del dosel se sobrestima,pendiente=36.7 > 20 grados
GEDI02_A_2024311132120_O33432_04_T08775_02_004_02_V003.h5,BEAM0101,334320500400258197,-42.670032,-71.584837,288184.4,5272587.1,851.0749,1,0,0.98271626,-2.02,1.45,4.97,9.24,10.77,31.79,pendiente fuerte: la altura del dosel se sobrestima,pendiente=31.8 > 20 grados
GEDI02_A_2024311132120_O33432_04_T08775_02_004_02_V003.h5,BEAM0101,334320500400258212,-42.674345,-71.576236,288903.8,5272129.6,849.4219,1,0,0.97950494,0.0,2.46,5.5,8.94,9.87,31.22,pendiente fuerte: la altura del dosel se sobrestima,pendiente=31.2 > 20 grados
GEDI02_A_2024311132120_O33432_04_T08775_02_004_02_V003.h5,BEAM0101,334320500400258213,-42.674637,-71.575642,288953.5,5272098.7,885.14905,1,0,0.97042716,3.4,23.31,27.05,30.12,31.17,37.52,pendiente fuerte: la altura del dosel se sobrestima,pendiente=37.5 > 20 grados
GEDI02_A_2024311132120_O33432_04_T08775_02_004_02_V003.h5,BEAM0101,334320500400258223,-42.677527,-71.569849,289438.0,5271792.2,988.12274,1,0,0.97468054,-1.38,0.97,4.11,9.05,10.44,22.86,pendiente fuerte: la altura del dosel se sobrestima,pendiente=22.9 > 20 grados
GEDI02_A_2024311132120_O33432_04_T08775_02_004_02_V003.h5,BEAM0101,334320500400258224,-42.677818,-71.569259,289487.3,5271761.3,1017.0677,1,0,0.98236924,-1.79,0.52,3.03,7.1,8.75,26.75,pendiente fuerte: la altura del dosel se sobrestima,pendiente=26.7 > 20 grados
GEDI02_A_2024311132120_O33432_04_T08775_02_004_02_V003.h5,BEAM0101,334320500400258225,-42.678109,-71.568671,289536.4,5271730.5,1041.3746,1,0,0.94800115,-1.9,0.11,2.28,6.47,7.89,24.45,pendiente fuerte: la altura del dosel se sobrestima,pendiente=24.5 > 20 grados
GEDI02_A_2024311132120_O33432_04_T08775_02_004_02_V003.h5,BEAM0101,334320500400258226,-42.678400,-71.568082,289585.7,5271699.6,1069.3457,1,0,0.93995124,-2.61,-0.14,2.39,6.36,7.67,23.15,pendiente fuerte: la altura del dosel se sobrestima,pendiente=23.2 > 20 grados
GEDI02_A_2024311132120_O33432_04_T08775_02_004_02_V003.h5,BEAM0101,334320500400258227,-42.678691,-71.567497,289634.6,5271668.8,1088.0347,1,0,0.95316863,-1.49,0.97,4.15,8.86,10.44,20.87,pendiente fuerte: la altura del dosel se sobrestima,pendiente=20.9 > 20 grados
GEDI02_A_2024311132120_O33432_04_T08775_02_004_02_V003.h5,BEAM0101,334320500400258234,-42.680716,-71.563445,289973.4,5271454.0,1150.8528,1,0,0.94142705,-2.69,-0.29,2.05,5.87,7.03,24.84,pendiente fuerte: la altura del dosel se sobrestima,pendiente=24.8 > 20 grados
GEDI02_A_2024311132120_O33432_04_T08775_02_004_02_V003.h5,BEAM0101,334320500400258235,-42.681008,-71.562857,290022.6,5271423.0,1176.468,1,0,0.94753426,-1.79,0.26,2.61,6.58,8.12,20.75,pendiente fuerte: la altura del dosel se sobrestima,pendiente=20.8 > 20 grados
GEDI02_A_2024311132120_O33432_04_T08775_02_004_02_V003.h5,BEAM0101,334320500400258236,-42.681299,-71.562269,290071.8,5271392.1,1201.3125,1,0,0.9705271,-1.72,0.74,3.59,7.37,8.75,26.58,pendiente fuerte: la altura del dosel se sobrestima,pendiente=26.6 > 20 grados
GEDI02_A_2024311132120_O33432_04_T08775_02_004_02_V003.h5,BEAM0101,334320500400258237,-42.681591,-71.561680,290121.0,5271361.2,1226.6348,1,0,0.97284955,-1.27,0.18,1.68,4.34,5.5,24.56,pendiente fuerte: la altura del dosel se sobrestima,pendiente=24.6 > 20 grados
GEDI02_A_2024311132120_O33432_04_T08775_02_004_02_V003.h5,BEAM0101,334320500400258238,-42.681882,-71.561092,290170.2,5271330.3,1252.5211,1,0,0.93305635,-2.58,0.11,2.95,6.88,8.15,30.43,pendiente fuerte: la altura del dosel se sobrestima,pendiente=30.4 > 20 grados
GEDI02_A_2024311132120_O33432_04_T08775_02_004_02_V003.h5,BEAM0101,334320500400258239,-42.682174,-71.560499,290219.7,5271299.3,1284.8188,1,0,0.9773484,-1.49,1.04,3.96,7.85,9.24,32.35,pendiente fuerte: la altura del dosel se sobrestima,pendiente=32.4 > 20 grados
GEDI02_A_2024311132120_O33432_04_T08775_02_004_02_V003.h5,BEAM0101,334320500400258240,-42.682466,-71.559910,290269.0,5271268.4,1312.5288,1,0,0.98054004,7.7,11.56,18.33,24.09,25.74,33.67,pendiente fuerte: la altura del dosel se sobrestima,pendiente=33.7 > 20 grados
GEDI02_A_2024311132120_O33432_04_T08775_02_004_02_V003.h5,BEAM0101,334320500400258241,-42.682759,-71.559318,290318.5,5271237.4,1343.9353,1,0,0.9793391,1.83,7.74,13.54,18.11,19.72,26.79,pendiente fuerte: la altura del dosel se sobrestima,pendiente=26.8 > 20 grados
GEDI02_A_2024311132120_O33432_04_T08775_02_004_02_V003.h5,BEAM0101,334320500400258245,-42.683915,-71.557012,290511.3,5271114.7,1363.7119,1,0,0.94712174,-0.33,2.35,7.7,12.53,13.84,23.17,pendiente fuerte: la altura del dosel se sobrestima,pendiente=23.2 > 20 grados
GEDI02_A_2024311132120_O33432_04_T08775_02_004_02_V003.h5,BEAM0101,334320500400258246,-42.684202,-71.556447,290558.6,5271084.2,1348.4045,1,0,0.9373368,-1.01,3.51,8.49,13.2,14.81,24.42,pendiente fuerte: la altura del dosel se sobrestima,pendiente=24.4 > 20 grados
GEDI02_A_2024311132120_O33432_04_T08775_02_004_02_V003.h5,BEAM0101,334320500400258250,-42.685353,-71.554172,290748.8,5270962.1,1315.1531,1,0,0.9796921,4.26,8.41,10.77,14.1,15.71,21.51,pendiente fuerte: la altura del dosel se sobrestima,pendiente=21.5 > 20 grados
GEDI02_A_2024311132120_O33432_04_T08775_02_004_02_V003.h5,BEAM0101,334320500400258251,-42.685644,-71.553586,290797.8,5270931.2,1336.6614,1,0,0.9663096,0.03,4.19,8.75,12.46,13.88,21.20,pendiente fuerte: la altura del dosel se sobrestima,pendiente=21.2 > 20 grados
GEDI02_A_2024311132120_O33432_04_T08775_02_004_02_V003.h5,BEAM0101,334320500400258253,-42.686222,-71.552434,290894.1,5270869.9,1346.1969,1,0,0.9529636,7.97,16.46,20.69,24.09,25.07,21.44,pendiente fuerte: la altura del dosel se sobrestima,pendiente=21.4 > 20 grados
GEDI02_A_2024311132120_O33432_04_T08775_02_004_02_V003.h5,BEAM0101,334320500400258254,-42.686509,-71.551866,290941.6,5270839.4,1336.741,1,0,0.9526658,5.76,10.44,19.08,23.38,24.51,24.34,pendiente fuerte: la altura del dosel se sobrestima,pendiente=24.3 > 20 grados
GEDI02_A_2024311132120_O33432_04_T08775_02_004_02_V003.h5,BEAM0101,334320500400258255,-42.686795,-71.551307,290988.4,5270809.0,1312.9001,1,0,0.98037165,11.63,18.22,22.56,27.76,29.74,28.61,pendiente fuerte: la altura del dosel se sobrestima,pendiente=28.6 > 20 grados
GEDI02_A_2024311132120_O33432_04_T08775_02_004_02_V003.h5,BEAM0101,334320500400258256,-42.687081,-71.550748,291035.1,5270778.7,1287.9983,1,0,0.97820354,16.27,22.33,26.68,32.63,33.86,35.19,pendiente fuerte: la altura del dosel se sobrestima,pendiente=35.2 > 20 grados
GEDI02_A_2024311132120_O33432_04_T08775_02_004_02_V003.h5,BEAM0101,334320500400258257,-42.687367,-71.550186,291082.1,5270748.3,1268.0422,1,0,0.9550367,5.5,11.18,14.93,19.42,20.95,31.51,pendiente fuerte: la altura del dosel se sobrestima,pendiente=31.5 > 20 grados
GEDI02_A_2024311132120_O33432_04_T08775_02_004_02_V003.h5,BEAM0101,334320500400258259,-42.687944,-71.549039,291178.0,5270687.0,1269.1133,1,0,0.9782404,1.9,9.65,15.22,19.12,20.46,21.17,pendiente fuerte: la altura del dosel se sobrestima,pendiente=21.2 > 20 grados
GEDI02_A_2024311132120_O33432_04_T08775_02_004_02_V003.h5,BEAM0101,334320500400258260,-42.688233,-71.548463,291226.2,5270656.4,1274.8116,1,0,0.97862625,9.16,13.84,18.26,23.49,25.29,26.47,pendiente fuerte: la altura del dosel se sobrestima,pendiente=26.5 > 20 grados
GEDI02_A_2024311132120_O33432_04_T08775_02_004_02_V003.h5,BEAM0101,334320500400258261,-42.688523,-71.547880,291274.9,5270625.5,1291.8102,1,0,0.97949535,-2.2,1.57,5.42,12.64,15.22,33.69,pendiente fuerte: la altura del dosel se sobrestima,pendiente=33.7 > 20 grados
GEDI02_A_2024311132120_O33432_04_T08775_02_004_02_V003.h5,BEAM0101,334320500400258262,-42.688815,-71.547293,291324.0,5270594.6,1316.0667,1,0,0.9573014,-2.35,1.16,7.25,12.27,13.62,34.48,pendiente fuerte: la altura del dosel se sobrestima,pendiente=34.5 > 20 grados
GEDI02_A_2024311132120_O33432_04_T08775_02_004_02_V003.h5,BEAM0101,334320500400258263,-42.689105,-71.546711,291372.7,5270563.8,1332.5167,1,0,0.9830926,-2.54,1.87,6.77,11.07,12.9,33.52,pendiente fuerte: la altura del dosel se sobrestima,pendiente=33.5 > 20 grados
GEDI02_A_2024311132120_O33432_04_T08775_02_004_02_V003.h5,BEAM0101,334320500400258264,-42.689395,-71.546132,291421.0,5270533.1,1342.6294,1,0,0.9875153,2.09,6.96,11.03,16.95,18.97,35.81,pendiente fuerte: la altura del dosel se sobrestima,pendiente=35.8 > 20 grados
GEDI02_A_2024311132120_O33432_04_T08775_02_004_02_V003.h5,BEAM0101,334320500400258265,-42.689685,-71.545549,291469.8,5270502.3,1360.2804,1,0,0.9571468,1.23,5.23,8.49,14.29,16.31,39.10,pendiente fuerte: la altura del dosel se sobrestima,pendiente=39.1 > 20 grados
GEDI02_A_2024311132120_O33432_04_T08775_02_004_02_V003.h5,BEAM0101,334320500400258266,-42.689979,-71.544949,291519.9,5270471.1,1406.4781,1,0,0.9557941,-3.81,-0.67,2.32,6.58,8.04,38.67,pendiente fuerte: la altura del dosel se sobrestima,pendiente=38.7 > 20 grados
GEDI02_A_2024311132120_O33432_04_T08775_02_004_02_V003.h5,BEAM0101,334320500400258267,-42.690269,-71.544369,291568.4,5270440.3,1419.9247,1,0,0.9578841,-1.75,0.82,3.66,8.86,12.04,34.33,pendiente fuerte: la altura del dosel se sobrestima,pendiente=34.3 > 20 grados
GEDI02_A_2024311132120_O33432_04_T08775_02_004_02_V003.h5,BEAM0101,334320500400258268,-42.690559,-71.543791,291616.8,5270409.6,1428.6018,1,0,0.969147,-4.22,-1.01,1.94,6.39,8.19,32.74,pendiente fuerte: la altura del dosel se sobrestima,pendiente=32.7 > 20 grados
GEDI02_A_2024311132120_O33432_04_T08775_02_004_02_V003.h5,BEAM0101,334320500400258269,-42.690847,-71.543219,291664.5,5270379.0,1425.42,1,0,0.95810664,-2.84,-0.29,2.17,5.46,6.51,32.36,pendiente fuerte: la altura del dosel se sobrestima,pendiente=32.4 > 20 grados
GEDI02_A_2024311132120_O33432_04_T08775_02_004_02_V003.h5,BEAM0101,334320500400258270,-42.691135,-71.542649,291712.2,5270348.4,1420.1154,1,0,0.95899624,-4.15,-1.01,1.68,5.65,6.92,32.10,pendiente fuerte: la altura del dosel se sobrestima,pendiente=32.1 > 20 grados
GEDI02_A_2024311132120_O33432_04_T08775_02_004_02_V003.h5,BEAM0101,334320500400258271,-42.691424,-71.542075,291760.2,5270317.8,1421.6512,1,0,0.95865715,-2.61,0.14,2.88,6.66,8.15,34.16,pendiente fuerte: la altura del dosel se sobrestima,pendiente=34.2 > 20 grados
GEDI02_A_2024311132120_O33432_04_T08775_02_004_02_V003.h5,BEAM0101,334320500400258272,-42.691715,-71.541489,291809.2,5270286.9,1444.2893,1,0,0.9512584,-4.0,-0.97,1.68,5.23,6.51,31.76,pendiente fuerte: la altura del dosel se sobrestima,pendiente=31.8 > 20 grados
GEDI02_A_2024311132120_O33432_04_T08775_02_004_02_V003.h5,BEAM0101,334320500400258273,-42.692001,-71.540926,291856.2,5270256.5,1425.387,1,0,0.9539243,4.52,8.86,12.94,18.67,19.98,30.88,pendiente fuerte: la altura del dosel se sobrestima,pendiente=30.9 > 20 grados
GEDI02_A_2024311132120_O33432_04_T08775_02_004_02_V003.h5,BEAM0101,334320500400258274,-42.692291,-71.540347,291904.6,5270225.7,1435.0889,1,0,0.95984,-1.04,0.97,3.55,8.23,9.99,32.42,pendiente fuerte: la altura del dosel se sobrestima,pendiente=32.4 > 20 grados
GEDI02_A_2024311132120_O33432_04_T08775_02_004_02_V003.h5,BEAM0101,334320500400258275,-42.692584,-71.539754,291954.2,5270194.7,1470.1008,1,0,0.948889,-2.28,0.37,3.4,7.82,9.31,,fuera del DEM,sin pendiente disponible
GEDI02_A_2024311132120_O33432_04_T08775_02_004_02_V003.h5,BEAM0101,334320500400258276,-42.692877,-71.539158,292004.0,5270163.6,1509.2952,1,0,0.9537886,-2.43,0.71,3.77,8.23,10.32,,fuera del DEM,sin pendiente disponible
GEDI02_A_2024311132120_O33432_04_T08775_02_004_02_V003.h5,BEAM0101,334320500400258277,-42.693170,-71.538564,292053.6,5270132.5,1544.54,1,0,0.9534708,-1.38,0.74,3.51,7.74,9.2,,fuera del DEM,sin pendiente disponible
GEDI02_A_2024311132120_O33432_04_T08775_02_004_02_V003.h5,BEAM0101,334320500400258278,-42.693462,-71.537976,292102.8,5270101.6,1569.6769,1,0,0.92512894,-1.49,0.0,1.53,4.19,5.16,,fuera del DEM,sin pendiente disponible
GEDI02_A_2024311132120_O33432_04_T08775_02_004_02_V003.h5,BEAM0101,334320500400258279,-42.693752,-71.537395,292151.3,5270070.8,1582.5201,1,0,0.95066243,-1.9,-0.18,1.45,3.77,4.67,,fuera del DEM,sin pendiente disponible
GEDI02_A_2024311132120_O33432_04_T08775_02_004_02_V003.h5,BEAM0101,334320500400258280,-42.694040,-71.536826,292199.0,5270040.2,1575.6735,1,0,0.95232666,-1.87,-0.03,1.83,4.45,5.46,,fuera del DEM,sin pendiente disponible
GEDI02_A_2024311132120_O33432_04_T08775_02_004_02_V003.h5,BEAM0101,334320500400258281,-42.694328,-71.536254,292246.8,5270009.6,1572.2483,1,0,0.9469544,-1.98,-0.22,1.45,3.77,4.75,,fuera del DEM,sin pendiente disponible
GEDI02_A_2024311132120_O33432_04_T08775_02_004_02_V003.h5,BEAM0101,334320500400258282,-42.694616,-71.535683,292294.5,5269979.0,1567.2283,1,0,0.95096856,-2.28,0.0,2.43,7.29,9.46,,fuera del DEM,sin pendiente disponible
GEDI02_A_2024311132120_O33432_04_T08775_02_004_02_V003.h5,BEAM0101,334320500400258283,-42.694906,-71.535105,292342.8,5269948.2,1574.1759,1,0,0.9515495,-1.53,0.74,3.33,7.89,9.46,,fuera del DEM,sin pendiente disponible
GEDI02_A_2024311132120_O33432_04_T08775_02_004_02_V003.h5,BEAM0101,334320500400258284,-42.695196,-71.534527,292391.1,5269917.5,1582.1125,1,0,0.95149803,-2.05,0.52,3.25,7.18,8.83,,fuera del DEM,sin pendiente disponible
GEDI02_A_2024311132120_O33432_04_T08775_02_004_02_V003.h5,BEAM0110,334320600400967030,-42.670326,-71.597510,287146.8,5272522.5,1279.2671,1,0,0.982389,4.22,11.71,15.41,19.68,22.3,,fuera del DEM,sin pendiente disponible
GEDI02_A_2024311132120_O33432_04_T08775_02_004_02_V003.h5,BEAM0110,334320600400967031,-42.670612,-71.596947,287194.0,5272492.1,1262.1962,1,0,0.9860057,0.52,7.07,11.41,15.79,17.13,,fuera del DEM,sin pendiente disponible
GEDI02_A_2024311132120_O33432_04_T08775_02_004_02_V003.h5,BEAM0110,334320600400967032,-42.670900,-71.596374,287241.8,5272461.6,1260.0057,1,0,0.9537748,-1.01,2.99,8.49,12.83,13.95,29.04,pendiente fuerte: la altura del dosel se sobrestima,pendiente=29.0 > 20 grados
GEDI02_A_2024311132120_O33432_04_T08775_02_004_02_V003.h5,BEAM0110,334320600400967033,-42.671188,-71.595802,287289.7,5272431.1,1257.8497,1,0,0.95405215,-0.63,3.77,8.0,12.83,14.07,29.98,pendiente fuerte: la altura del dosel se sobrestima,pendiente=30.0 > 20 grados
GEDI02_A_2024311132120_O33432_04_T08775_02_004_02_V003.h5,BEAM0110,334320600400967034,-42.671474,-71.595240,287336.8,5272400.8,1237.9054,1,0,0.9832085,10.21,16.46,19.83,23.5,24.73,31.01,pendiente fuerte: la altura del dosel se sobrestima,pendiente=31.0 > 20 grados
GEDI02_A_2024311132120_O33432_04_T08775_02_004_02_V003.h5,BEAM0110,334320600400967035,-42.671759,-71.594680,287383.6,5272370.5,1214.2977,1,0,0.98253137,14.81,18.41,21.4,25.37,26.49,29.82,pendiente fuerte: la altura del dosel se sobrestima,pendiente=29.8 > 20 grados
GEDI02_A_2024311132120_O33432_04_T08775_02_004_02_V003.h5,BEAM0110,334320600400967036,-42.672045,-71.594120,287430.5,5272340.2,1189.9729,1,0,0.98329633,2.69,18.03,22.15,26.83,28.66,30.50,pendiente fuerte: la altura del dosel se sobrestima,pendiente=30.5 > 20 grados
GEDI02_A_2024311132120_O33432_04_T08775_02_004_02_V003.h5,BEAM0110,334320600400967037,-42.672329,-71.593566,287476.9,5272310.0,1156.3077,1,0,0.98212105,15.6,20.5,26.86,32.03,34.68,56.09,pendiente fuerte: la altura del dosel se sobrestima,pendiente=56.1 > 20 grados
GEDI02_A_2024311132120_O33432_04_T08775_02_004_02_V003.h5,BEAM0110,334320600400967038,-42.672609,-71.593036,287521.2,5272280.3,1079.26,1,0,0.97256756,-1.16,2.32,7.37,15.26,16.46,54.59,pendiente fuerte: la altura del dosel se sobrestima,pendiente=54.6 > 20 grados
GEDI02_A_2024311132120_O33432_04_T08775_02_004_02_V003.h5,BEAM0110,334320600400967039,-42.672892,-71.592490,287566.9,5272250.2,1031.3181,1,0,0.9784739,2.32,11.52,16.68,23.31,24.58,39.74,pendiente fuerte: la altura del dosel se sobrestima,pendiente=39.7 > 20 grados
GEDI02_A_2024311132120_O33432_04_T08775_02_004_02_V003.h5,BEAM0110,334320600400967040,-42.673177,-71.591934,287613.5,5272220.0,1000.8233,1,0,0.9768499,-1.68,1.27,6.77,14.51,16.27,34.26,pendiente fuerte: la altura del dosel se sobrestima,pendiente=34.3 > 20 grados
GEDI02_A_2024311132120_O33432_04_T08775_02_004_02_V003.h5,BEAM0110,334320600400967041,-42.673461,-71.591378,287660.0,5272189.8,969.6074,1,0,0.97388846,-2.05,0.44,3.66,8.41,9.31,26.41,pendiente fuerte: la altura del dosel se sobrestima,pendiente=26.4 > 20 grados
GEDI02_A_2024311132120_O33432_04_T08775_02_004_02_V003.h5,BEAM0110,334320600400967043,-42.674032,-71.590256,287753.9,5272129.2,924.82947,1,0,0.9764034,-0.07,3.06,5.76,8.75,10.06,27.58,pendiente fuerte: la altura del dosel se sobrestima,pendiente=27.6 > 20 grados
GEDI02_A_2024311132120_O33432_04_T08775_02_004_02_V003.h5,BEAM0110,334320600400967044,-42.674317,-71.589701,287800.3,5272099.0,891.25165,1,0,0.9799088,4.97,7.7,10.51,14.85,16.16,35.89,pendiente fuerte: la altura del dosel se sobrestima,pendiente=35.9 > 20 grados
GEDI02_A_2024311132120_O33432_04_T08775_02_004_02_V003.h5,BEAM0110,334320600400967045,-42.674601,-71.589147,287846.7,5272068.8,857.34344,1,0,0.9850892,-3.18,-0.03,2.84,6.81,7.89,31.94,pendiente fuerte: la altura del dosel se sobrestima,pendiente=31.9 > 20 grados
GEDI02_A_2024311132120_O33432_04_T08775_02_004_02_V003.h5,BEAM0110,334320600400967063,-42.679782,-71.578799,288712.2,5271519.4,897.09735,1,0,0.94959897,-1.75,0.03,1.9,4.97,6.24,25.09,pendiente fuerte: la altura del dosel se sobrestima,pendiente=25.1 > 20 grados
GEDI02_A_2024311132120_O33432_04_T08775_02_004_02_V003.h5,BEAM0110,334320600400967064,-42.680072,-71.578211,288761.4,5271488.6,923.7592,1,0,0.97807163,-0.14,2.99,6.39,11.26,13.43,36.23,pendiente fuerte: la altura del dosel se sobrestima,pendiente=36.2 > 20 grados
GEDI02_A_2024311132120_O33432_04_T08775_02_004_02_V003.h5,BEAM0110,334320600400967065,-42.680364,-71.577612,288811.5,5271457.7,968.2895,1,0,0.9750405,4.41,8.19,11.15,15.19,16.72,39.84,pendiente fuerte: la altura del dosel se sobrestima,pendiente=39.8 > 20 grados
GEDI02_A_2024311132120_O33432_04_T08775_02_004_02_V003.h5,BEAM0110,334320600400967066,-42.680657,-71.577010,288861.8,5271426.7,1017.0192,1,0,0.97456294,0.93,4.26,7.44,12.46,14.1,39.71,pendiente fuerte: la altura del dosel se sobrestima,pendiente=39.7 > 20 grados
GEDI02_A_2024311132120_O33432_04_T08775_02_004_02_V003.h5,BEAM0110,334320600400967067,-42.680949,-71.576410,288912.0,5271395.7,1064.148,1,0,0.9468997,-1.64,0.97,3.81,7.85,9.54,33.79,pendiente fuerte: la altura del dosel se sobrestima,pendiente=33.8 > 20 grados
GEDI02_A_2024311132120_O33432_04_T08775_02_004_02_V003.h5,BEAM0110,334320600400967068,-42.681239,-71.575824,288960.9,5271365.0,1085.7625,1,0,0.9660585,-1.6,1.9,5.01,9.24,10.1,31.85,pendiente fuerte: la altura del dosel se sobrestima,pendiente=31.8 > 20 grados
GEDI02_A_2024311132120_O33432_04_T08775_02_004_02_V003.h5,BEAM0110,334320600400967069,-42.681526,-71.575257,289008.3,5271334.6,1073.8645,1,0,0.97269297,4.75,7.03,9.39,13.62,14.93,30.84,pendiente fuerte: la altura del dosel se sobrestima,pendiente=30.8 > 20 grados
GEDI02_A_2024311132120_O33432_04_T08775_02_004_02_V003.h5,BEAM0110,334320600400967070,-42.681816,-71.574668,289057.6,5271303.8,1101.714,1,0,0.9767447,-1.3,1.98,5.2,11.33,13.65,33.70,pendiente fuerte: la altura del dosel se sobrestima,pendiente=33.7 > 20 grados
GEDI02_A_2024311132120_O33432_04_T08775_02_004_02_V003.h5,BEAM0110,334320600400967071,-42.682107,-71.574078,289106.9,5271273.0,1130.0017,1,0,0.95674187,-2.58,-0.37,1.72,5.23,6.47,30.07,pendiente fuerte: la altura del dosel se sobrestima,pendiente=30.1 > 20 grados
GEDI02_A_2024311132120_O33432_04_T08775_02_004_02_V003.h5,BEAM0110,334320600400967072,-42.682975,-71.572327,289253.3,5271180.9,1183.8153,1,0,0.97995454,-2.39,0.18,2.8,6.88,8.49,29.38,pendiente fuerte: la altura del dosel se sobrestima,pendiente=29.4 > 20 grados
GEDI02_A_2024311132120_O33432_04_T08775_02_004_02_V003.h5,BEAM0110,334320600400967073,-42.683264,-71.571749,289301.7,5271150.3,1192.3647,1,0,0.9634393,-1.6,0.11,1.75,4.11,5.05,25.55,pendiente fuerte: la altura del dosel se sobrestima,pendiente=25.5 > 20 grados
GEDI02_A_2024311132120_O33432_04_T08775_02_004_02_V003.h5,BEAM0110,334320600400967074,-42.683550,-71.571189,289348.5,5271120.0,1168.6233,1,0,0.93509775,-1.98,0.18,2.46,5.5,6.47,28.93,pendiente fuerte: la altura del dosel se sobrestima,pendiente=28.9 > 20 grados
GEDI02_A_2024311132120_O33432_04_T08775_02_004_02_V003.h5,BEAM0110,334320600400967075,-42.683834,-71.570636,289394.8,5271089.8,1133.0251,1,0,0.98181134,11.0,14.14,16.53,19.27,20.05,25.10,pendiente fuerte: la altura del dosel se sobrestima,pendiente=25.1 > 20 grados
GEDI02_A_2024311132120_O33432_04_T08775_02_004_02_V003.h5,BEAM0110,334320600400967080,-42.685274,-71.567767,289634.7,5270937.0,1134.2524,1,0,0.9382876,-2.32,0.48,3.66,8.98,11.07,26.00,pendiente fuerte: la altura del dosel se sobrestima,pendiente=26.0 > 20 grados
GEDI02_A_2024311132120_O33432_04_T08775_02_004_02_V003.h5,BEAM0110,334320600400967081,-42.685566,-71.567173,289684.4,5270906.1,1168.6489,1,0,0.9777146,-0.82,1.87,4.52,8.26,9.76,32.42,pendiente fuerte: la altura del dosel se sobrestima,pendiente=32.4 > 20 grados
GEDI02_A_2024311132120_O33432_04_T08775_02_004_02_V003.h5,BEAM0110,334320600400967082,-42.685857,-71.566583,289733.6,5270875.2,1196.1252,1,0,0.979567,10.32,15.82,21.03,25.1,26.11,29.58,pendiente fuerte: la altura del dosel se sobrestima,pendiente=29.6 > 20 grados
GEDI02_A_2024311132120_O33432_04_T08775_02_004_02_V003.h5,BEAM0110,334320600400967083,-42.686149,-71.565990,289783.2,5270844.3,1230.0493,1,0,0.98160946,4.78,9.39,13.39,20.13,21.66,32.07,pendiente fuerte: la altura del dosel se sobrestima,pendiente=32.1 > 20 grados
GEDI02_A_2024311132120_O33432_04_T08775_02_004_02_V003.h5,BEAM0110,334320600400967084,-42.686440,-71.565400,289832.5,5270813.5,1258.1599,1,0,0.9781274,-0.86,1.79,6.36,13.39,14.96,29.81,pendiente fuerte: la altura del dosel se sobrestima,pendiente=29.8 > 20 grados
GEDI02_A_2024311132120_O33432_04_T08775_02_004_02_V003.h5,BEAM0110,334320600400967085,-42.686731,-71.564809,289881.9,5270782.6,1287.9283,1,0,0.9833369,9.2,18.97,26.0,29.67,30.72,33.57,pendiente fuerte: la altura del dosel se sobrestima,pendiente=33.6 > 20 grados
GEDI02_A_2024311132120_O33432_04_T08775_02_004_02_V003.h5,BEAM0110,334320600400967086,-42.687024,-71.564212,289931.9,5270751.6,1328.6006,1,0,0.97609603,6.47,12.72,17.55,25.07,27.24,31.41,pendiente fuerte: la altura del dosel se sobrestima,pendiente=31.4 > 20 grados
GEDI02_A_2024311132120_O33432_04_T08775_02_004_02_V003.h5,BEAM0110,334320600400967087,-42.687316,-71.563616,289981.7,5270720.6,1367.5724,1,0,0.98374856,2.8,10.7,16.27,21.36,22.86,24.61,pendiente fuerte: la altura del dosel se sobrestima,pendiente=24.6 > 20 grados
GEDI02_A_2024311132120_O33432_04_T08775_02_004_02_V003.h5,BEAM0110,334320600400967097,-42.690211,-71.557823,290466.0,5270413.5,1462.0367,1,0,0.97827715,-1.53,1.12,3.62,6.88,8.04,22.08,pendiente fuerte: la altura del dosel se sobrestima,pendiente=22.1 > 20 grados
GEDI02_A_2024311132120_O33432_04_T08775_02_004_02_V003.h5,BEAM0110,334320600400967098,-42.690501,-71.557243,290514.5,5270382.7,1473.1584,1,0,0.9773055,7.82,11.6,14.33,18.56,20.05,27.45,pendiente fuerte: la altura del dosel se sobrestima,pendiente=27.5 > 20 grados
GEDI02_A_2024311132120_O33432_04_T08775_02_004_02_V003.h5,BEAM0110,334320600400967099,-42.690794,-71.556647,290564.3,5270351.7,1512.603,1,0,0.95241153,-1.64,1.01,3.92,8.12,9.61,29.80,pendiente fuerte: la altura del dosel se sobrestima,pendiente=29.8 > 20 grados
GEDI02_A_2024311132120_O33432_04_T08775_02_004_02_V003.h5,BEAM0110,334320600400967101,-42.691375,-71.555475,290662.3,5270290.0,1556.2405,1,0,0.9794026,-2.17,0.14,2.54,5.8,7.07,36.20,pendiente fuerte: la altura del dosel se sobrestima,pendiente=36.2 > 20 grados
GEDI02_A_2024311132120_O33432_04_T08775_02_004_02_V003.h5,BEAM0110,334320600400967102,-42.691662,-71.554912,290709.4,5270259.6,1536.9563,1,0,0.96485096,2.13,6.39,11.56,15.71,18.03,42.25,pendiente fuerte: la altura del dosel se sobrestima,pendiente=42.2 > 20 grados
GEDI02_A_2024311132120_O33432_04_T08775_02_004_02_V003.h5,BEAM0110,334320600400967103,-42.691950,-71.554340,290757.2,5270229.0,1534.9468,1,0,0.96866137,6.21,9.35,11.71,19.15,20.69,43.26,pendiente fuerte: la altura del dosel se sobrestima,pendiente=43.3 > 20 grados
GEDI02_A_2024311132120_O33432_04_T08775_02_004_02_V003.h5,BEAM0110,334320600400967104,-42.692240,-71.553763,290805.4,5270198.3,1540.8588,1,0,0.97244996,0.26,3.55,6.77,10.96,12.34,,fuera del DEM,sin pendiente disponible
GEDI02_A_2024311132120_O33432_04_T08775_02_004_02_V003.h5,BEAM0110,334320600400967106,-42.692816,-71.552622,290900.8,5270137.2,1530.2251,1,0,0.95524156,-3.25,-0.44,2.58,7.78,10.62,,fuera del DEM,sin pendiente disponible
GEDI02_A_2024311132120_O33432_04_T08775_02_004_02_V003.h5,BEAM0110,334320600400967107,-42.693107,-71.552033,290950.1,5270106.3,1557.9209,1,0,0.9298338,-2.13,0.52,3.51,8.12,9.91,,fuera del DEM,sin pendiente disponible
GEDI02_A_2024311132120_O33432_04_T08775_02_004_02_V003.h5,BEAM0110,334320600400967108,-42.693398,-71.551447,290999.1,5270075.4,1580.6674,1,0,0.90591425,-0.86,2.35,9.99,14.36,15.37,,fuera del DEM,sin pendiente disponible
GEDI02_A_2024311132120_O33432_04_T08775_02_004_02_V003.h5,BEAM0110,334320600400967109,-42.693688,-71.550862,291048.0,5270044.6,1601.4706,1,0,0.90171653,-2.05,-0.26,1.49,4.19,5.16,,fuera del DEM,sin pendiente disponible
GEDI02_A_2024311132120_O33432_04_T08775_02_004_02_V003.h5,BEAM0110,334320600400967110,-42.693977,-71.550290,291095.8,5270014.0,1599.1145,1,0,0.9485946,-2.43,-0.26,1.87,4.75,5.8,,fuera del DEM,sin pendiente disponible
GEDI02_A_2024311132120_O33432_04_T08775_02_004_02_V003.h5,BEAM0110,334320600400967111,-42.694262,-71.549733,291142.4,5269983.6,1571.7059,1,0,0.9444849,-2.2,-0.11,2.02,5.16,6.51,,fuera del DEM,sin pendiente disponible
GEDI02_A_2024311132120_O33432_04_T08775_02_004_02_V003.h5,BEAM0110,334320600400967112,-42.694550,-71.549165,291189.8,5269953.1,1561.1564,1,0,0.95259655,-2.91,-0.18,2.61,6.84,8.34,,fuera del DEM,sin pendiente disponible
GEDI02_A_2024311132120_O33432_04_T08775_02_004_02_V003.h5,BEAM0110,334320600400967113,-42.694839,-71.548587,291238.2,5269922.4,1571.1962,1,0,0.92731285,-1.94,0.11,2.43,6.47,7.48,,fuera del DEM,sin pendiente disponible
GEDI02_A_2024311132120_O33432_04_T08775_02_004_02_V003.h5,BEAM0110,334320600400967114,-42.695127,-71.548015,291286.0,5269891.8,1567.5989,1,0,0.9407261,-1.9,0.52,3.33,7.67,9.24,,fuera del DEM,sin pendiente disponible
GEDI02_A_2024311132120_O33432_04_T08775_02_004_02_V003.h5,BEAM1000,334320800400262633,-42.679783,-71.597279,287198.0,5271472.9,991.5435,1,0,0.98206073,11.78,20.34,24.95,37.96,39.57,,fuera del DEM,sin pendiente disponible
GEDI02_A_2024311132120_O33432_04_T08775_02_004_02_V003.h5,BEAM1000,334320800400262634,-42.680068,-71.596722,287244.6,5271442.6,965.9707,1,0,0.98720515,4.82,13.95,18.62,23.34,24.68,36.39,pendiente fuerte: la altura del dosel se sobrestima,pendiente=36.4 > 20 grados
GEDI02_A_2024311132120_O33432_04_T08775_02_004_02_V003.h5,BEAM1000,334320800400262635,-42.680353,-71.596168,287291.0,5271412.4,936.3722,1,0,0.98835164,10.13,16.75,22.78,28.05,30.03,27.35,pendiente fuerte: la altura del dosel se sobrestima,pendiente=27.4 > 20 grados
GEDI02_A_2024311132120_O33432_04_T08775_02_004_02_V003.h5,BEAM1000,334320800400262644,-42.682942,-71.591053,287719.0,5271137.7,862.4387,1,0,0.98595405,-2.54,-0.18,1.98,5.87,7.48,22.57,pendiente fuerte: la altura del dosel se sobrestima,pendiente=22.6 > 20 grados
GEDI02_A_2024311132120_O33432_04_T08775_02_004_02_V003.h5,BEAM1000,334320800400262652,-42.685250,-71.586479,288101.5,5270892.9,839.6863,1,0,0.9824542,0.59,5.83,10.69,20.38,22.33,28.11,pendiente fuerte: la altura del dosel se sobrestima,pendiente=28.1 > 20 grados
GEDI02_A_2024311132120_O33432_04_T08775_02_004_02_V003.h5,BEAM1000,334320800400262653,-42.685544,-71.585878,288151.8,5270861.8,883.3033,1,0,0.9831317,-4.15,-1.08,1.08,4.75,6.32,21.75,pendiente fuerte: la altura del dosel se sobrestima,pendiente=21.8 > 20 grados
GEDI02_A_2024311132120_O33432_04_T08775_02_004_02_V003.h5,BEAM1000,334320800400262661,-42.687861,-71.581251,288538.7,5270616.1,946.9437,1,0,0.9768572,-0.52,2.02,5.57,9.98,11.48,20.92,pendiente fuerte: la altura del dosel se sobrestima,pendiente=20.9 > 20 grados
GEDI02_A_2024311132120_O33432_04_T08775_02_004_02_V003.h5,BEAM1000,334320800400262662,-42.688152,-71.580667,288587.5,5270585.2,964.0005,1,0,0.98585856,6.35,10.24,13.65,17.95,19.56,23.53,pendiente fuerte: la altura del dosel se sobrestima,pendiente=23.5 > 20 grados
GEDI02_A_2024311132120_O33432_04_T08775_02_004_02_V003.h5,BEAM1000,334320800400262667,-42.689605,-71.577747,288831.7,5270431.1,1049.3169,1,0,0.95616496,-2.54,0.14,2.91,6.65,8.08,23.44,pendiente fuerte: la altura del dosel se sobrestima,pendiente=23.4 > 20 grados
GEDI02_A_2024311132120_O33432_04_T08775_02_004_02_V003.h5,BEAM1000,334320800400262668,-42.689896,-71.577161,288880.7,5270400.3,1069.7177,1,0,0.9575866,-3.36,-0.82,1.53,4.97,6.28,22.58,pendiente fuerte: la altura del dosel se sobrestima,pendiente=22.6 > 20 grados
GEDI02_A_2024311132120_O33432_04_T08775_02_004_02_V003.h5,BEAM1000,334320800400262669,-42.690187,-71.576576,288929.6,5270369.4,1088.2189,1,0,0.98029345,-0.89,2.65,6.17,10.92,12.49,23.54,pendiente fuerte: la altura del dosel se sobrestima,pendiente=23.5 > 20 grados
GEDI02_A_2024311132120_O33432_04_T08775_02_004_02_V003.h5,BEAM1000,334320800400262670,-42.690479,-71.575985,288979.0,5270338.5,1116.244,1,0,0.9553679,-2.24,0.71,3.85,8.37,10.24,21.52,pendiente fuerte: la altura del dosel se sobrestima,pendiente=21.5 > 20 grados
GEDI02_A_2024311132120_O33432_04_T08775_02_004_02_V003.h5,BEAM1000,334320800400262673,-42.691351,-71.574234,289125.4,5270246.0,1165.7341,1,0,0.98638076,-1.87,0.82,3.7,8.52,10.21,22.23,pendiente fuerte: la altura del dosel se sobrestima,pendiente=22.2 > 20 grados
GEDI02_A_2024311132120_O33432_04_T08775_02_004_02_V003.h5,BEAM1000,334320800400262674,-42.691643,-71.573646,289174.6,5270215.1,1190.0204,1,0,0.9678981,-1.79,1.34,5.49,10.84,12.64,26.37,pendiente fuerte: la altura del dosel se sobrestima,pendiente=26.4 > 20 grados
GEDI02_A_2024311132120_O33432_04_T08775_02_004_02_V003.h5,BEAM1000,334320800400262675,-42.691935,-71.573056,289224.0,5270184.2,1216.1206,1,0,0.98233974,3.77,8.6,13.13,19.48,21.17,,fuera del DEM,sin pendiente disponible
GEDI02_A_2024311132120_O33432_04_T08775_02_004_02_V003.h5,BEAM1000,334320800400262676,-42.692228,-71.572454,289274.2,5270153.1,1260.1868,1,0,0.9875993,5.42,9.57,13.65,19.9,21.77,,fuera del DEM,sin pendiente disponible
GEDI02_A_2024311132120_O33432_04_T08775_02_004_02_V003.h5,BEAM1000,334320800400262677,-42.692524,-71.571845,289325.1,5270121.8,1314.6127,1,0,0.98656493,-2.43,0.07,2.54,6.5,8.15,,fuera del DEM,sin pendiente disponible
GEDI02_A_2024311132120_O33432_04_T08775_02_004_02_V003.h5,BEAM1000,334320800400262678,-42.692815,-71.571255,289374.4,5270090.9,1341.1725,1,0,0.9874079,-0.44,3.03,7.59,13.61,15.71,,fuera del DEM,sin pendiente disponible
GEDI02_A_2024311132120_O33432_04_T08775_02_004_02_V003.h5,BEAM1000,334320800400262679,-42.693109,-71.570656,289424.5,5270059.8,1380.6405,1,0,0.95773923,-3.21,-0.18,3.03,10.13,12.0,,fuera del DEM,sin pendiente disponible
GEDI02_A_2024311132120_O33432_04_T08775_02_004_02_V003.h5,BEAM1000,334320800400262680,-42.693400,-71.570070,289473.5,5270028.9,1400.0137,1,0,0.95978516,2.02,8.97,13.61,17.61,18.81,,fuera del DEM,sin pendiente disponible
GEDI02_A_2024311132120_O33432_04_T08775_02_004_02_V003.h5,BEAM1000,334320800400262681,-42.693692,-71.569481,289522.7,5269998.0,1424.3763,1,0,0.9674044,-2.61,-0.37,1.72,4.56,5.72,,fuera del DEM,sin pendiente disponible
GEDI02_A_2024311132120_O33432_04_T08775_02_004_02_V003.h5,BEAM1000,334320800400262682,-42.693982,-71.568902,289571.1,5269967.2,1433.0503,1,0,0.96736467,-1.64,-0.11,1.38,3.92,5.08,,fuera del DEM,sin pendiente disponible
GEDI02_A_2024311132120_O33432_04_T08775_02_004_02_V003.h5,BEAM1000,334320800400262683,-42.694272,-71.568321,289619.7,5269936.5,1444.3771,1,0,0.96566105,-3.44,-1.04,1.01,3.81,5.05,,fuera del DEM,sin pendiente disponible
GEDI02_A_2024311132120_O33432_04_T08775_02_004_02_V003.h5,BEAM1000,334320800400262684,-42.694561,-71.567745,289667.9,5269905.8,1447.9021,1,0,0.9834304,-1.9,-0.07,1.75,3.85,4.6,,fuera del DEM,sin pendiente disponible
GEDI02_A_2024311132120_O33432_04_T08775_02_004_02_V003.h5,BEAM1000,334320800400262685,-42.694849,-71.567176,289715.4,5269875.2,1440.3333,1,0,0.9862012,-0.59,0.93,4.9,9.46,10.51,,fuera del DEM,sin pendiente disponible
GEDI02_A_2024311132120_O33432_04_T08775_02_004_02_V003.h5,BEAM1000,334320800400262686,-42.695139,-71.566599,289763.7,5269844.5,1446.9553,1,0,0.9845705,3.17,6.65,9.27,12.71,14.02,,fuera del DEM,sin pendiente disponible
GEDI02_A_2024311132120_O33432_04_T08775_02_004_02_V003.h5,BEAM1011,334321100400257537,-42.686996,-71.596149,287315.2,5270674.7,989.7909,1,0,0.98269117,-1.12,1.38,4.41,7.55,8.82,20.40,pendiente fuerte: la altura del dosel se sobrestima,pendiente=20.4 > 20 grados
GEDI02_A_2024311132120_O33432_04_T08775_02_004_02_V003.h5,BEAM1011,334321100400257540,-42.687860,-71.594441,287458.1,5270583.1,969.8218,1,0,0.98716366,-1.3,1.6,4.97,9.16,10.47,24.44,pendiente fuerte: la altura del dosel se sobrestima,pendiente=24.4 > 20 grados
GEDI02_A_2024311132120_O33432_04_T08775_02_004_02_V003.h5,BEAM1011,334321100400257541,-42.688432,-71.593330,287551.1,5270522.4,913.1891,1,0,0.9884081,2.24,6.47,10.32,16.16,18.36,30.86,pendiente fuerte: la altura del dosel se sobrestima,pendiente=30.9 > 20 grados
GEDI02_A_2024311132120_O33432_04_T08775_02_004_02_V003.h5,BEAM1011,334321100400257542,-42.688718,-71.592772,287597.8,5270492.0,889.5285,1,0,0.9860558,-3.17,0.0,3.06,9.01,11.03,30.31,pendiente fuerte: la altura del dosel se sobrestima,pendiente=30.3 > 20 grados
GEDI02_A_2024311132120_O33432_04_T08775_02_004_02_V003.h5,BEAM1011,334321100400257543,-42.689004,-71.592215,287644.4,5270461.6,863.4154,1,0,0.98608017,-1.19,2.46,5.64,9.95,11.18,24.85,pendiente fuerte: la altura del dosel se sobrestima,pendiente=24.8 > 20 grados
GEDI02_A_2024311132120_O33432_04_T08775_02_004_02_V003.h5,BEAM1011,334321100400257552,-42.691602,-71.587062,288075.4,5270186.1,849.25635,1,0,0.96811354,-0.63,1.38,4.93,8.75,9.98,,fuera del DEM,sin pendiente disponible
GEDI02_A_2024311132120_O33432_04_T08775_02_004_02_V003.h5,BEAM1011,334321100400257553,-42.691891,-71.586484,288123.7,5270155.4,855.25134,1,0,0.9628259,-0.82,1.08,3.51,7.21,8.22,,fuera del DEM,sin pendiente disponible
GEDI02_A_2024311132120_O33432_04_T08775_02_004_02_V003.h5,BEAM1011,334321100400257554,-42.692181,-71.585904,288172.2,5270124.7,866.1972,1,0,0.9832214,-1.49,0.56,2.95,6.09,7.36,,fuera del DEM,sin pendiente disponible
GEDI02_A_2024311132120_O33432_04_T08775_02_004_02_V003.h5,BEAM1011,334321100400257555,-42.692471,-71.585324,288220.8,5270093.9,876.95685,1,0,0.99220526,-2.61,0.14,2.91,7.7,9.16,,fuera del DEM,sin pendiente disponible
GEDI02_A_2024311132120_O33432_04_T08775_02_004_02_V003.h5,BEAM1011,334321100400257556,-42.692760,-71.584745,288269.1,5270063.2,885.1533,1,0,0.9865167,10.24,13.54,16.16,19.26,20.46,,fuera del DEM,sin pendiente disponible
GEDI02_A_2024311132120_O33432_04_T08775_02_004_02_V003.h5,BEAM1011,334321100400257557,-42.693051,-71.584157,288318.3,5270032.4,908.26556,1,0,0.96508515,-1.49,0.0,1.45,3.51,4.3,,fuera del DEM,sin pendiente disponible
GEDI02_A_2024311132120_O33432_04_T08775_02_004_02_V003.h5,BEAM1011,334321100400257558,-42.693340,-71.583585,288366.2,5270001.8,906.3751,1,0,0.9807362,-0.74,1.15,3.32,6.35,7.29,,fuera del DEM,sin pendiente disponible
GEDI02_A_2024311132120_O33432_04_T08775_02_004_02_V003.h5,BEAM1011,334321100400257559,-42.693629,-71.583007,288414.4,5269971.1,912.78485,1,0,0.98425823,-0.93,2.24,5.57,10.1,11.37,,fuera del DEM,sin pendiente disponible
GEDI02_A_2024311132120_O33432_04_T08775_02_004_02_V003.h5,BEAM1011,334321100400257560,-42.693920,-71.582421,288463.5,5269940.3,934.0325,1,0,0.9878709,-2.2,0.18,2.43,4.93,5.76,,fuera del DEM,sin pendiente disponible
GEDI02_A_2024311132120_O33432_04_T08775_02_004_02_V003.h5,BEAM1011,334321100400257561,-42.694209,-71.581846,288511.5,5269909.6,935.8262,1,0,0.9584923,-1.27,0.41,2.35,5.38,6.43,,fuera del DEM,sin pendiente disponible
GEDI02_A_2024311132120_O33432_04_T08775_02_004_02_V003.h5,BEAM1011,334321100400257562,-42.694499,-71.581266,288560.1,5269878.9,947.2946,1,0,0.9618746,-2.02,0.0,2.09,5.05,6.24,,fuera del DEM,sin pendiente disponible
GEDI02_A_2024311132120_O33432_04_T08775_02_004_02_V003.h5,BEAM1011,334321100400257563,-42.694788,-71.580688,288608.4,5269848.2,954.5783,1,0,0.9827808,-0.41,2.58,5.91,9.65,10.92,,fuera del DEM,sin pendiente disponible
GEDI02_A_2024311132120_O33432_04_T08775_02_004_02_V003.h5,BEAM1011,334321100400257564,-42.695078,-71.580107,288657.0,5269817.4,967.0261,1,0,0.9852376,0.59,3.66,6.5,10.73,12.64,,fuera del DEM,sin pendiente disponible
GEDI02_A_2024352205936_O34073_04_T08775_02_004_02_V003.h5,BEAM0000,340730000400262456,-42.649525,-71.570375,289300.3,5274900.5,922.4103,1,0,0.96260864,6.91,10.84,14.46,18.95,20.03,34.80,pendiente fuerte: la altura del dosel se sobrestima,pendiente=34.8 > 20 grados
GEDI02_A_2024352205936_O34073_04_T08775_02_004_02_V003.h5,BEAM0000,340730000400262457,-42.649804,-71.569821,289346.6,5274870.9,892.97784,1,0,0.963871,4.0,8.11,11.88,18.69,19.55,30.91,pendiente fuerte: la altura del dosel se sobrestima,pendiente=30.9 > 20 grados
GEDI02_A_2024352205936_O34073_04_T08775_02_004_02_V003.h5,BEAM0001,340730100400258034,-42.661501,-71.560127,290180.7,5273596.1,1024.8706,1,0,0.97238535,-0.18,2.95,6.57,11.32,13.12,24.12,pendiente fuerte: la altura del dosel se sobrestima,pendiente=24.1 > 20 grados
GEDI02_A_2024352205936_O34073_04_T08775_02_004_02_V003.h5,BEAM0011,340730300400257952,-42.663769,-71.578893,288650.2,5273297.4,886.4937,1,0,0.9648087,0.18,3.7,7.81,13.31,14.43,36.06,pendiente fuerte: la altura del dosel se sobrestima,pendiente=36.1 > 20 grados
GEDI02_A_2024352205936_O34073_04_T08775_02_004_02_V003.h5,BEAM0011,340730300400257953,-42.664047,-71.578339,288696.6,5273268.0,853.90314,1,0,0.91340125,-0.37,1.9,6.28,10.88,11.96,22.88,pendiente fuerte: la altura del dosel se sobrestima,pendiente=22.9 > 20 grados
GEDI02_A_2024352205936_O34073_04_T08775_02_004_02_V003.h5,BEAM0011,340730300400257991,-42.675071,-71.556419,290530.2,5272098.3,1101.459,1,0,0.9304502,-2.8,-0.22,2.28,6.69,8.22,21.61,pendiente fuerte: la altura del dosel se sobrestima,pendiente=21.6 > 20 grados
GEDI02_A_2024352205936_O34073_04_T08775_02_004_02_V003.h5,BEAM0011,340730300400257992,-42.675364,-71.555838,290578.8,5272067.2,1115.1699,1,0,0.95403147,6.39,9.49,12.41,16.15,17.24,25.18,pendiente fuerte: la altura del dosel se sobrestima,pendiente=25.2 > 20 grados
GEDI02_A_2024352205936_O34073_04_T08775_02_004_02_V003.h5,BEAM0011,340730300400257993,-42.675663,-71.555246,290628.3,5272035.5,1147.2919,1,0,0.9561435,2.09,4.82,7.85,12.07,14.09,23.96,pendiente fuerte: la altura del dosel se sobrestima,pendiente=24.0 > 20 grados
GEDI02_A_2024352205936_O34073_04_T08775_02_004_02_V003.h5,BEAM0011,340730300400257994,-42.675958,-71.554661,290677.2,5272004.2,1167.0259,1,0,0.95665854,1.49,4.33,7.06,11.03,11.96,22.61,pendiente fuerte: la altura del dosel se sobrestima,pendiente=22.6 > 20 grados
GEDI02_A_2024352205936_O34073_04_T08775_02_004_02_V003.h5,BEAM0011,340730300400257995,-42.676253,-71.554075,290726.2,5271972.8,1189.1595,1,0,0.95228356,-0.97,1.08,4.22,7.18,7.96,21.68,pendiente fuerte: la altura del dosel se sobrestima,pendiente=21.7 > 20 grados
GEDI02_A_2024352205936_O34073_04_T08775_02_004_02_V003.h5,BEAM0101,340730500400257846,-42.678054,-71.569634,289457.3,5271734.1,1005.062,1,0,0.9595854,0.82,4.11,6.65,9.23,9.9,24.58,pendiente fuerte: la altura del dosel se sobrestima,pendiente=24.6 > 20 grados
GEDI02_A_2024352205936_O34073_04_T08775_02_004_02_V003.h5,BEAM0101,340730500400257847,-42.678352,-71.569041,289507.0,5271702.6,1034.1743,1,0,0.9061948,-1.12,1.53,4.18,8.41,9.71,25.18,pendiente fuerte: la altura del dosel se sobrestima,pendiente=25.2 > 20 grados
GEDI02_A_2024352205936_O34073_04_T08775_02_004_02_V003.h5,BEAM0101,340730500400257848,-42.678648,-71.568448,289556.5,5271671.1,1061.817,1,0,0.9829107,-3.32,-0.52,1.94,5.71,6.99,22.78,pendiente fuerte: la altura del dosel se sobrestima,pendiente=22.8 > 20 grados
GEDI02_A_2024352205936_O34073_04_T08775_02_004_02_V003.h5,BEAM0101,340730500400257856,-42.680977,-71.563802,289945.1,5271424.1,1144.8264,1,0,0.98318756,-1.9,0.22,2.42,5.45,6.61,21.11,pendiente fuerte: la altura del dosel se sobrestima,pendiente=21.1 > 20 grados
GEDI02_A_2024352205936_O34073_04_T08775_02_004_02_V003.h5,BEAM0101,340730500400257857,-42.681272,-71.563211,289994.5,5271392.8,1169.6066,1,0,0.9750699,-1.04,1.12,3.14,6.95,8.37,24.29,pendiente fuerte: la altura del dosel se sobrestima,pendiente=24.3 > 20 grados
GEDI02_A_2024352205936_O34073_04_T08775_02_004_02_V003.h5,BEAM0101,340730500400257858,-42.681568,-71.562620,290043.9,5271361.4,1195.5298,1,0,0.98798096,-1.38,1.15,3.88,7.77,9.08,27.15,pendiente fuerte: la altura del dosel se sobrestima,pendiente=27.1 > 20 grados
GEDI02_A_2024352205936_O34073_04_T08775_02_004_02_V003.h5,BEAM0101,340730500400257859,-42.681865,-71.562024,290093.8,5271329.9,1227.8011,1,0,0.9458771,-2.13,-0.22,1.57,4.37,5.49,24.97,pendiente fuerte: la altura del dosel se sobrestima,pendiente=25.0 > 20 grados
GEDI02_A_2024352205936_O34073_04_T08775_02_004_02_V003.h5,BEAM0101,340730500400257860,-42.682159,-71.561435,290143.0,5271298.7,1249.204,1,0,0.9739202,-2.87,0.14,3.25,8.41,9.86,31.63,pendiente fuerte: la altura del dosel se sobrestima,pendiente=31.6 > 20 grados
GEDI02_A_2024352205936_O34073_04_T08775_02_004_02_V003.h5,BEAM0101,340730500400257861,-42.682456,-71.560841,290192.7,5271267.2,1278.5192,1,0,0.98573893,4.07,6.87,9.83,14.84,16.59,31.88,pendiente fuerte: la altura del dosel se sobrestima,pendiente=31.9 > 20 grados
GEDI02_A_2024352205936_O34073_04_T08775_02_004_02_V003.h5,BEAM0101,340730500400257862,-42.682755,-71.560241,290242.8,5271235.5,1316.8073,1,0,0.9798776,-2.01,0.82,3.7,7.85,9.68,32.48,pendiente fuerte: la altura del dosel se sobrestima,pendiente=32.5 > 20 grados
GEDI02_A_2024352205936_O34073_04_T08775_02_004_02_V003.h5,BEAM0101,340730500400257863,-42.683051,-71.559648,290292.4,5271204.1,1344.0956,1,0,0.98499817,7.21,11.32,15.66,19.58,21.01,27.85,pendiente fuerte: la altura del dosel se sobrestima,pendiente=27.9 > 20 grados
GEDI02_A_2024352205936_O34073_04_T08775_02_004_02_V003.h5,BEAM0101,340730500400257868,-42.684491,-71.556769,290533.1,5271051.4,1355.1858,1,0,0.9551316,0.11,5.68,10.84,14.57,15.7,22.62,pendiente fuerte: la altura del dosel se sobrestima,pendiente=22.6 > 20 grados
GEDI02_A_2024352205936_O34073_04_T08775_02_004_02_V003.h5,BEAM0101,340730500400257880,-42.687913,-71.549934,291104.6,5270688.3,1267.2429,1,0,0.95004463,3.4,5.94,7.92,10.57,11.4,25.34,pendiente fuerte: la altura del dosel se sobrestima,pendiente=25.3 > 20 grados
GEDI02_A_2024352205936_O34073_04_T08775_02_004_02_V003.h5,BEAM0101,340730500400257882,-42.688487,-71.548787,291200.5,5270627.3,1264.2344,1,0,0.96629685,4.71,8.0,12.07,16.56,17.53,20.32,pendiente fuerte: la altura del dosel se sobrestima,pendiente=20.3 > 20 grados
GEDI02_A_2024352205936_O34073_04_T08775_02_004_02_V003.h5,BEAM0101,340730500400257884,-42.689073,-71.547614,291298.6,5270565.1,1298.9288,1,0,0.97021556,0.11,4.0,9.34,13.79,14.72,30.68,pendiente fuerte: la altura del dosel se sobrestima,pendiente=30.7 > 20 grados
GEDI02_A_2024352205936_O34073_04_T08775_02_004_02_V003.h5,BEAM0101,340730500400257885,-42.689367,-71.547026,291347.7,5270533.9,1318.4312,1,0,0.98375183,-4.11,-0.59,2.35,7.14,8.48,32.86,pendiente fuerte: la altura del dosel se sobrestima,pendiente=32.9 > 20 grados
GEDI02_A_2024352205936_O34073_04_T08775_02_004_02_V003.h5,BEAM0101,340730500400257886,-42.689657,-71.546446,291396.2,5270503.1,1325.8368,1,0,0.98412436,5.49,8.78,11.7,16.11,17.64,34.22,pendiente fuerte: la altura del dosel se sobrestima,pendiente=34.2 > 20 grados
GEDI02_A_2024352205936_O34073_04_T08775_02_004_02_V003.h5,BEAM0101,340730500400257887,-42.689949,-71.545863,291445.0,5270472.2,1339.1049,1,0,0.9636896,-0.52,2.24,6.31,11.88,13.23,38.70,pendiente fuerte: la altura del dosel se sobrestima,pendiente=38.7 > 20 grados
GEDI02_A_2024352205936_O34073_04_T08775_02_004_02_V003.h5,BEAM0101,340730500400257888,-42.690252,-71.545257,291495.6,5270440.1,1385.6072,1,0,0.913332,-1.94,0.85,4.0,7.85,8.82,38.04,pendiente fuerte: la altura del dosel se sobrestima,pendiente=38.0 > 20 grados
GEDI02_A_2024352205936_O34073_04_T08775_02_004_02_V003.h5,BEAM0101,340730500400257889,-42.690545,-71.544670,291544.7,5270409.0,1403.5365,1,0,0.9261154,-1.83,0.52,2.99,6.09,7.17,34.29,pendiente fuerte: la altura del dosel se sobrestima,pendiente=34.3 > 20 grados
GEDI02_A_2024352205936_O34073_04_T08775_02_004_02_V003.h5,BEAM0110,340730600400970055,-42.684159,-71.570957,289369.6,5271052.9,1159.6562,1,0,0.97308147,-2.91,-0.48,1.64,4.71,5.83,25.52,pendiente fuerte: la altura del dosel se sobrestima,pendiente=25.5 > 20 grados
GEDI02_A_2024352205936_O34073_04_T08775_02_004_02_V003.h5,BEAM0110,340730600400970063,-42.686483,-71.566323,289757.1,5270806.4,1224.8477,1,0,0.9620271,2.31,7.85,12.89,21.38,22.46,32.54,pendiente fuerte: la altura del dosel se sobrestima,pendiente=32.5 > 20 grados
GEDI02_A_2024352205936_O34073_04_T08775_02_004_02_V003.h5,BEAM0110,340730600400970064,-42.686780,-71.565727,289806.9,5270774.9,1257.4132,1,0,0.9318111,2.72,7.62,12.93,17.12,18.16,31.84,pendiente fuerte: la altura del dosel se sobrestima,pendiente=31.8 > 20 grados
GEDI02_A_2024352205936_O34073_04_T08775_02_004_02_V003.h5,BEAM0110,340730600400970065,-42.687079,-71.565127,289857.1,5270743.1,1296.4044,1,0,0.95404375,4.48,7.73,12.67,17.01,17.9,34.49,pendiente fuerte: la altura del dosel se sobrestima,pendiente=34.5 > 20 grados
GEDI02_A_2024352205936_O34073_04_T08775_02_004_02_V003.h5,BEAM0110,340730600400970066,-42.687375,-71.564533,289906.7,5270711.7,1324.9236,1,0,0.9856513,13.12,20.82,26.58,31.21,32.48,32.25,pendiente fuerte: la altura del dosel se sobrestima,pendiente=32.3 > 20 grados
GEDI02_A_2024352205936_O34073_04_T08775_02_004_02_V003.h5,BEAM0110,340730600400970067,-42.687676,-71.563929,289957.2,5270679.9,1369.4717,1,0,0.98249286,5.75,11.25,14.09,17.23,18.58,23.04,pendiente fuerte: la altura del dosel se sobrestima,pendiente=23.0 > 20 grados
GEDI02_A_2024352205936_O34073_04_T08775_02_004_02_V003.h5,BEAM0110,340730600400970068,-42.687973,-71.563332,290007.1,5270648.3,1403.048,1,0,0.9006341,-3.55,-1.19,0.56,2.57,3.29,21.38,pendiente fuerte: la altura del dosel se sobrestima,pendiente=21.4 > 20 grados
GEDI02_A_2025089042733_O35660_04_T01966_02_004_02_V003.h5,BEAM0001,356600100400192422,-42.558147,-71.481253,296308.6,5285266.3,774.3513,1,0,0.9583072,-0.78,0.29,1.64,4.41,5.27,,fuera del DEM,sin pendiente disponible
GEDI02_A_2025089042733_O35660_04_T01966_02_004_02_V003.h5,BEAM0001,356600100400192544,-42.593685,-71.410787,302205.9,5281487.0,1265.6251,1,0,0.96057785,14.6,17.97,20.18,23.02,23.88,,fuera del DEM,sin pendiente disponible
GEDI02_A_2025089042733_O35660_04_T01966_02_004_02_V003.h5,BEAM0001,356600100400192545,-42.593977,-71.410212,302254.0,5281455.9,1279.9226,1,0,0.9650204,5.31,8.98,11.3,13.4,14.0,,fuera del DEM,sin pendiente disponible
GEDI02_A_2025089042733_O35660_04_T01966_02_004_02_V003.h5,BEAM0011,356600300400192589,-42.595205,-71.431237,300532.9,5281270.2,1264.5709,1,0,0.9613146,9.28,16.96,20.44,22.77,23.4,21.46,pendiente fuerte: la altura del dosel se sobrestima,pendiente=21.5 > 20 grados
GEDI02_A_2025089042733_O35660_04_T01966_02_004_02_V003.h5,BEAM0011,356600300400192624,-42.605291,-71.411186,302209.9,5280197.3,1330.1412,1,0,0.93968856,8.76,14.15,17.11,19.58,20.41,,fuera del DEM,sin pendiente disponible
GEDI02_A_2025089042733_O35660_04_T01966_02_004_02_V003.h5,BEAM0011,356600300400192625,-42.605578,-71.410614,302257.8,5280166.7,1328.9237,1,0,0.9211946,0.67,7.0,12.28,16.55,17.93,,fuera del DEM,sin pendiente disponible
GEDI02_A_2025089042733_O35660_04_T01966_02_004_02_V003.h5,BEAM0011,356600300400192626,-42.605866,-71.410041,302305.6,5280136.1,1328.2274,1,0,0.9073426,4.19,10.18,13.81,17.11,17.93,,fuera del DEM,sin pendiente disponible
GEDI02_A_2025089042733_O35660_04_T01966_02_004_02_V003.h5,BEAM0101,356600500400192394,-42.582970,-71.474437,296948.7,5282526.1,993.4856,1,0,0.9643171,-1.64,0.22,2.2,5.72,7.26,22.38,pendiente fuerte: la altura del dosel se sobrestima,pendiente=22.4 > 20 grados
GEDI02_A_2025089042733_O35660_04_T01966_02_004_02_V003.h5,BEAM0101,356600500400192395,-42.583263,-71.473860,296997.0,5282495.0,1014.64716,1,0,0.95904773,-1.49,0.89,3.51,7.11,8.38,28.77,pendiente fuerte: la altura del dosel se sobrestima,pendiente=28.8 > 20 grados
GEDI02_A_2025089042733_O35660_04_T01966_02_004_02_V003.h5,BEAM0101,356600500400192396,-42.583559,-71.473279,297045.6,5282463.5,1053.7437,1,0,0.9239794,-2.92,-0.41,2.02,5.13,5.99,31.84,pendiente fuerte: la altura del dosel se sobrestima,pendiente=31.8 > 20 grados
GEDI02_A_2025089042733_O35660_04_T01966_02_004_02_V003.h5,BEAM0101,356600500400192436,-42.595107,-71.450371,298962.6,5281235.8,1139.3088,1,0,0.925654,-1.53,-0.22,1.01,2.8,3.44,21.56,pendiente fuerte: la altura del dosel se sobrestima,pendiente=21.6 > 20 grados
GEDI02_A_2025089042733_O35660_04_T01966_02_004_02_V003.h5,BEAM0101,356600500400192437,-42.595395,-71.449799,299010.5,5281205.2,1138.4623,1,0,0.9734949,15.35,18.57,20.33,22.84,23.77,24.10,pendiente fuerte: la altura del dosel se sobrestima,pendiente=24.1 > 20 grados
GEDI02_A_2025089042733_O35660_04_T01966_02_004_02_V003.h5,BEAM0110,356600600401033499,-42.585302,-71.483332,296226.3,5282245.7,986.4601,1,0,0.9678674,0.89,3.7,5.87,8.46,9.58,24.78,pendiente fuerte: la altura del dosel se sobrestima,pendiente=24.8 > 20 grados
GEDI02_A_2025089042733_O35660_04_T01966_02_004_02_V003.h5,BEAM0110,356600600401033500,-42.585597,-71.482752,296274.9,5282214.4,1021.40204,1,0,0.9059387,-1.31,0.89,3.85,7.56,8.57,26.57,pendiente fuerte: la altura del dosel se sobrestima,pendiente=26.6 > 20 grados
GEDI02_A_2025089042733_O35660_04_T01966_02_004_02_V003.h5,BEAM0110,356600600401033501,-42.585889,-71.482175,296323.2,5282183.4,1043.1418,1,0,0.98372084,-2.65,-0.37,1.68,4.71,5.76,26.23,pendiente fuerte: la altura del dosel se sobrestima,pendiente=26.2 > 20 grados
GEDI02_A_2025089042733_O35660_04_T01966_02_004_02_V003.h5,BEAM0110,356600600401033502,-42.586183,-71.481596,296371.7,5282152.1,1073.2777,1,0,0.9603244,-1.64,0.67,3.07,6.1,7.18,27.03,pendiente fuerte: la altura del dosel se sobrestima,pendiente=27.0 > 20 grados
GEDI02_A_2025089042733_O35660_04_T01966_02_004_02_V003.h5,BEAM0110,356600600401033559,-42.603196,-71.447807,299199.0,5280343.7,1170.5167,1,0,0.9811933,15.91,22.46,27.82,32.31,33.47,22.47,pendiente fuerte: la altura del dosel se sobrestima,pendiente=22.5 > 20 grados
GEDI02_A_2025089042733_O35660_04_T01966_02_004_02_V003.h5,BEAM0110,356600600401033560,-42.603481,-71.447237,299246.7,5280313.3,1160.2156,1,0,0.9830809,14.86,21.3,24.45,27.56,28.68,22.85,pendiente fuerte: la altura del dosel se sobrestima,pendiente=22.8 > 20 grados
GEDI02_A_2025089042733_O35660_04_T01966_02_004_02_V003.h5,BEAM0110,356600600401033622,-42.621355,-71.411732,302216.0,5278412.1,1231.9717,1,0,0.9134272,-1.87,-0.22,1.31,3.4,4.15,,fuera del DEM,sin pendiente disponible
GEDI02_A_2025089042733_O35660_04_T01966_02_004_02_V003.h5,BEAM0110,356600600401033623,-42.621645,-71.411156,302264.2,5278381.2,1243.6548,1,0,0.94977564,-1.49,0.11,1.79,4.49,5.69,,fuera del DEM,sin pendiente disponible
GEDI02_A_2025089042733_O35660_04_T01966_02_004_02_V003.h5,BEAM0110,356600600401033624,-42.621936,-71.410579,302312.4,5278350.3,1258.349,1,0,0.9262374,-1.49,0.03,1.61,3.7,4.45,,fuera del DEM,sin pendiente disponible
GEDI02_A_2025089042733_O35660_04_T01966_02_004_02_V003.h5,BEAM1000,356600800400197184,-42.581308,-71.509870,294035.4,5282625.1,813.0375,1,0,0.9739008,-0.44,3.21,7.03,11.38,13.14,23.04,pendiente fuerte: la altura del dosel se sobrestima,pendiente=23.0 > 20 grados
GEDI02_A_2025089042733_O35660_04_T01966_02_004_02_V003.h5,BEAM1000,356600800400197193,-42.583908,-71.504706,294467.7,5282348.9,862.45374,1,0,0.98394895,7.18,10.59,14.78,20.44,21.97,20.12,pendiente fuerte: la altura del dosel se sobrestima,pendiente=20.1 > 20 grados
GEDI02_A_2025089042733_O35660_04_T01966_02_004_02_V003.h5,BEAM1000,356600800400197229,-42.594327,-71.484066,296195.5,5281241.8,1017.8129,1,0,0.9866604,-0.78,1.16,4.68,14.93,16.62,24.09,pendiente fuerte: la altura del dosel se sobrestima,pendiente=24.1 > 20 grados
GEDI02_A_2025089042733_O35660_04_T01966_02_004_02_V003.h5,BEAM1000,356600800400197302,-42.616278,-71.440505,299839.9,5278908.2,1246.6349,1,0,0.9045772,2.92,10.18,14.26,19.24,20.29,28.24,pendiente fuerte: la altura del dosel se sobrestima,pendiente=28.2 > 20 grados
GEDI02_A_2025089042733_O35660_04_T01966_02_004_02_V003.h5,BEAM1000,356600800400197352,-42.630651,-71.411825,302237.8,5277379.6,1273.0623,1,0,0.94674265,-1.6,-0.11,1.34,3.29,4.0,,fuera del DEM,sin pendiente disponible
GEDI02_A_2025089042733_O35660_04_T01966_02_004_02_V003.h5,BEAM1000,356600800400197353,-42.630939,-71.411251,302285.8,5277348.9,1277.2277,1,0,0.94494784,-0.97,0.63,2.99,8.72,10.18,,fuera del DEM,sin pendiente disponible
GEDI02_A_2025089042733_O35660_04_T01966_02_004_02_V003.h5,BEAM1000,356600800400197354,-42.631228,-71.410675,302333.9,5277318.2,1285.1558,1,0,0.94020426,-1.53,0.48,2.8,6.51,7.56,,fuera del DEM,sin pendiente disponible
GEDI02_A_2025089042733_O35660_04_T01966_02_004_02_V003.h5,BEAM1000,356600800400197355,-42.631517,-71.410100,302382.0,5277287.4,1293.2495,1,0,0.9258742,-1.57,-0.07,1.46,5.46,7.63,,fuera del DEM,sin pendiente disponible
GEDI02_A_2025089042733_O35660_04_T01966_02_004_02_V003.h5,BEAM1000,356600800400197356,-42.631806,-71.409526,302430.0,5277256.7,1298.1163,1,0,0.9361176,-0.71,1.12,3.89,9.28,10.59,,fuera del DEM,sin pendiente disponible
GEDI02_A_2025089042733_O35660_04_T01966_02_004_02_V003.h5,BEAM1011,356601100400191928,-42.587729,-71.510463,294007.9,5281910.5,834.5044,1,0,0.97384703,5.42,8.91,11.6,15.27,16.25,20.86,pendiente fuerte: la altura del dosel se sobrestima,pendiente=20.9 > 20 grados
GEDI02_A_2025089042733_O35660_04_T01966_02_004_02_V003.h5,BEAM1011,356601100400191933,-42.589173,-71.507594,294248.1,5281757.2,862.434,1,0,0.98045844,-2.05,1.12,4.6,8.12,9.21,22.85,pendiente fuerte: la altura del dosel se sobrestima,pendiente=22.9 > 20 grados
GEDI02_A_2025089042733_O35660_04_T01966_02_004_02_V003.h5,BEAM1011,356601100400191974,-42.601013,-71.484113,296213.5,5280499.3,944.6716,1,0,0.98969364,7.6,11.9,15.95,20.89,23.06,23.42,pendiente fuerte: la altura del dosel se sobrestima,pendiente=23.4 > 20 grados
GEDI02_A_2025089042733_O35660_04_T01966_02_004_02_V003.h5,BEAM1011,356601100400191975,-42.601307,-71.483531,296262.2,5280467.9,976.76434,1,0,0.9903801,-2.65,0.37,3.44,7.9,9.54,27.88,pendiente fuerte: la altura del dosel se sobrestima,pendiente=27.9 > 20 grados
GEDI02_A_2025089042733_O35660_04_T01966_02_004_02_V003.h5,BEAM1011,356601100400191976,-42.601599,-71.482953,296310.5,5280436.9,993.91455,1,0,0.98212725,-1.79,1.87,6.25,12.69,15.23,30.47,pendiente fuerte: la altura del dosel se sobrestima,pendiente=30.5 > 20 grados
GEDI02_A_2025089042733_O35660_04_T01966_02_004_02_V003.h5,BEAM1011,356601100400191977,-42.601891,-71.482375,296358.9,5280405.9,1012.7648,1,0,0.98506284,-2.02,0.03,2.02,4.6,5.72,25.92,pendiente fuerte: la altura del dosel se sobrestima,pendiente=25.9 > 20 grados
GEDI02_A_2025089042733_O35660_04_T01966_02_004_02_V003.h5,BEAM1011,356601100400191978,-42.602178,-71.481803,296406.7,5280375.4,1009.5882,1,0,0.9778492,-1.19,0.74,3.03,6.62,7.9,21.22,pendiente fuerte: la altura del dosel se sobrestima,pendiente=21.2 > 20 grados
GEDI02_A_2025089042733_O35660_04_T01966_02_004_02_V003.h5,BEAM1011,356601100400191979,-42.602467,-71.481229,296454.8,5280344.7,1015.62396,1,0,0.95215195,-2.2,-0.26,1.61,4.3,5.46,30.78,pendiente fuerte: la altura del dosel se sobrestima,pendiente=30.8 > 20 grados
GEDI02_A_2025089042733_O35660_04_T01966_02_004_02_V003.h5,BEAM1011,356601100400191980,-42.602757,-71.480655,296502.8,5280313.9,1021.9103,1,0,0.9397856,-1.08,1.08,4.97,11.0,12.31,32.08,pendiente fuerte: la altura del dosel se sobrestima,pendiente=32.1 > 20 grados
GEDI02_A_2025089042733_O35660_04_T01966_02_004_02_V003.h5,BEAM1011,356601100400191981,-42.603047,-71.480079,296551.0,5280283.1,1033.6735,1,0,0.97076863,6.7,11.49,17.41,21.49,22.46,25.22,pendiente fuerte: la altura del dosel se sobrestima,pendiente=25.2 > 20 grados
GEDI02_A_2025089042733_O35660_04_T01966_02_004_02_V003.h5,BEAM1011,356601100400192099,-42.637059,-71.412416,302209.7,5276666.6,1264.0828,1,0,0.9331491,-0.52,1.46,6.1,10.14,11.34,,fuera del DEM,sin pendiente disponible
