shot_number,lat,lon,elev_lowestmode,fabdem_m,n_egm2008_m,delta_terreno_m,control_terreno
334320000400262730,-42.637040,-71.594858,1334.6172,1313.61,21.540,-0.53,PASA
334320000400262741,-42.640205,-71.588573,1303.4106,1285.05,21.555,-3.20,PASA
334320000400262742,-42.640493,-71.587999,1305.9578,1289.79,21.557,-5.39,FUERA_DE_UMBRAL
334320000400262746,-42.641651,-71.585689,1337.9109,1318.40,21.563,-2.05,PASA
334320000400262747,-42.641940,-71.585111,1347.4855,1331.52,21.564,-5.60,FUERA_DE_UMBRAL
334320000400262754,-42.643968,-71.581058,1423.0781,1401.17,21.575,0.33,PASA
334320000400262766,-42.647366,-71.574353,1091.0823,1079.24,21.593,-9.75,FUERA_DE_UMBRAL
334320000400262785,-42.653088,-71.562976,917.33813,896.70,21.625,-0.99,PASA
334320000400262792,-42.655113,-71.558922,994.0831,973.54,21.636,-1.09,PASA
334320000400262799,-42.657430,-71.554287,1084.1539,1055.35,21.650,7.16,FUERA_DE_UMBRAL
334320000400262858,-42.674468,-71.520394,1209.8843,1193.41,21.736,-5.27,FUERA_DE_UMBRAL
334320000400262859,-42.674757,-71.519820,1211.3269,1198.64,21.737,-9.06,FUERA_DE_UMBRAL
334320000400262866,-42.676783,-71.515787,1240.9305,1231.24,21.745,-12.05,FUERA_DE_UMBRAL
334320000400262877,-42.679983,-71.509412,1362.7559,1344.35,21.757,-3.36,PASA
334320000400262885,-42.682284,-71.504861,1298.7028,1280.30,21.765,-3.36,PASA
334320000400262886,-42.682573,-71.504289,1297.0762,1280.41,21.766,-5.10,FUERA_DE_UMBRAL
334320000400262908,-42.688886,-71.491779,1121.489,1103.50,21.782,-3.79,PASA
334320000400262910,-42.689460,-71.490635,1116.8303,1095.88,21.783,-0.83,PASA
334320000400262917,-42.691471,-71.486632,1098.0684,1081.59,21.786,-5.31,FUERA_DE_UMBRAL
334320000400262924,-42.693483,-71.482623,1085.5044,1067.94,21.789,-4.22,PASA
334320100400258132,-42.645724,-71.591012,1294.8032,1265.35,21.562,7.90,FUERA_DE_UMBRAL
334320100400258139,-42.647753,-71.586956,1379.3749,1356.31,21.572,1.49,PASA
334320100400258140,-42.648041,-71.586382,1380.7686,1362.97,21.574,-3.77,PASA
334320100400258143,-42.648904,-71.584667,1373.5646,1356.57,21.578,-4.59,PASA
334320100400258144,-42.649192,-71.584092,1375.8932,1360.40,21.580,-6.09,FUERA_DE_UMBRAL
334320100400258145,-42.649481,-71.583517,1379.5193,1361.27,21.581,-3.33,PASA
334320100400258157,-42.652887,-71.576805,1061.721,1049.58,21.600,-9.46,FUERA_DE_UMBRAL
334320100400258158,-42.653174,-71.576233,1059.4252,1039.26,21.602,-1.44,PASA
334320100400258180,-42.659767,-71.563117,918.35504,899.39,21.639,-2.67,PASA
334320100400258188,-42.662377,-71.557880,1061.6461,1035.49,21.655,4.50,PASA
334320100400258197,-42.664972,-71.552704,1089.0223,1064.81,21.670,2.54,PASA
334320100400258205,-42.667271,-71.548137,1046.5662,1025.46,21.684,-0.57,PASA
334320100400258208,-42.668141,-71.546398,1079.16,1053.40,21.689,4.07,PASA
334320100400258210,-42.668715,-71.545261,1059.3362,1043.08,21.692,-5.43,FUERA_DE_UMBRAL
334320100400258211,-42.669005,-71.544684,1066.8552,1050.56,21.694,-5.40,FUERA_DE_UMBRAL
334320100400258216,-42.670450,-71.541805,1085.4558,1067.24,21.702,-3.49,PASA
334320100400258221,-42.671899,-71.538917,1124.9535,1099.98,21.709,3.27,PASA
334320100400258227,-42.673626,-71.535490,1104.3342,1083.23,21.716,-0.61,PASA
334320100400258228,-42.673915,-71.534916,1106.3115,1085.47,21.717,-0.88,PASA
334320100400258229,-42.674203,-71.534342,1107.656,1086.56,21.719,-0.63,PASA
334320100400258250,-42.680301,-71.522165,1369.6664,1343.76,21.743,4.16,PASA
334320100400258263,-42.684053,-71.514717,1348.8044,1324.40,21.757,2.65,PASA
334320100400258266,-42.684920,-71.512993,1352.6234,1320.71,21.760,10.15,FUERA_DE_UMBRAL
334320100400258283,-42.689819,-71.503297,1261.6881,1247.26,21.777,-7.35,FUERA_DE_UMBRAL
334320100400258295,-42.693266,-71.496472,1168.1046,1146.02,21.785,0.30,PASA
334320200400263202,-42.655880,-71.580670,1055.6715,1034.19,21.599,-0.12,PASA
334320200400263203,-42.656165,-71.580110,1028.3531,1015.79,21.601,-9.03,FUERA_DE_UMBRAL
334320200400263209,-42.657884,-71.576711,946.66864,927.02,21.610,-1.96,PASA
334320200400263218,-42.660465,-71.571600,851.12646,828.69,21.625,0.82,PASA
334320200400263220,-42.661041,-71.570455,848.94324,828.43,21.628,-1.12,PASA
334320200400263230,-42.663932,-71.564670,950.1134,933.57,21.645,-5.10,FUERA_DE_UMBRAL
334320200400263233,-42.664802,-71.562921,1008.853,990.37,21.651,-3.17,PASA
334320200400263235,-42.665381,-71.561760,1035.5287,1010.63,21.654,3.25,PASA
334320200400263239,-42.666531,-71.559467,1030.8568,1007.76,21.661,1.44,PASA
334320200400263242,-42.667393,-71.557748,1024.2463,1001.50,21.666,1.08,PASA
334320200400263243,-42.667680,-71.557177,1018.58344,995.27,21.668,1.64,PASA
334320200400263258,-42.672004,-71.548522,1119.0507,1094.50,21.692,2.85,PASA
334320200400263262,-42.673152,-71.546233,1107.5955,1089.21,21.699,-3.31,PASA
334320200400263263,-42.673439,-71.545665,1096.8721,1084.07,21.701,-8.89,FUERA_DE_UMBRAL
334320200400263270,-42.675452,-71.541645,1107.5204,1083.16,21.712,2.65,PASA
334320200400263272,-42.676030,-71.540486,1130.7953,1114.46,21.714,-5.38,FUERA_DE_UMBRAL
334320200400263274,-42.676608,-71.539327,1154.101,1134.90,21.717,-2.51,PASA
334320200400263275,-42.676898,-71.538746,1169.2914,1144.64,21.718,2.93,PASA
334320200400263277,-42.677472,-71.537606,1155.3131,1142.59,21.721,-8.99,FUERA_DE_UMBRAL
334320200400263279,-42.678050,-71.536450,1171.3247,1155.63,21.723,-6.03,FUERA_DE_UMBRAL
334320200400263280,-42.678340,-71.535869,1186.9257,1174.14,21.724,-8.94,FUERA_DE_UMBRAL
334320200400263281,-42.678630,-71.535285,1207.329,1189.56,21.725,-3.96,PASA
334320200400263282,-42.678919,-71.534706,1217.8962,1203.60,21.727,-7.43,FUERA_DE_UMBRAL
334320200400263285,-42.679790,-71.532959,1268.0084,1253.70,21.730,-7.42,FUERA_DE_UMBRAL
334320200400263304,-42.685293,-71.521958,1467.4263,1441.25,21.751,4.42,PASA
334320200400263320,-42.689897,-71.512819,1399.5824,1379.62,21.767,-1.81,PASA
334320200400263322,-42.690474,-71.511672,1400.4602,1383.92,21.769,-5.23,FUERA_DE_UMBRAL
334320200400263325,-42.691338,-71.509956,1392.3325,1368.79,21.772,1.77,PASA
334320200400263327,-42.691915,-71.508808,1393.2908,1373.05,21.774,-1.54,PASA
334320300400258248,-42.656795,-71.592252,1110.8176,1089.34,21.579,-0.10,PASA
334320300400258249,-42.657083,-71.591679,1110.0162,1090.39,21.580,-1.96,PASA
334320300400258251,-42.657660,-71.590534,1108.7848,1092.64,21.584,-5.44,FUERA_DE_UMBRAL
334320300400258253,-42.658236,-71.589388,1107.8181,1085.39,21.587,0.84,PASA
334320300400258259,-42.659958,-71.585987,1028.8048,1016.24,21.597,-9.03,FUERA_DE_UMBRAL
334320300400258260,-42.660247,-71.585412,1032.003,1008.50,21.599,1.91,PASA
334320300400258267,-42.662262,-71.581413,1003.4738,986.22,21.610,-4.36,PASA
334320300400258275,-42.664551,-71.576902,850.1285,828.23,21.624,0.27,PASA
334320300400258279,-42.665703,-71.574611,847.90857,825.25,21.630,1.03,PASA
334320300400258280,-42.665991,-71.574039,846.1989,825.81,21.632,-1.24,PASA
334320300400258282,-42.666568,-71.572889,852.4539,832.80,21.635,-1.98,PASA
334320300400258290,-42.668887,-71.568225,1007.912,989.55,21.649,-3.29,PASA
334320300400258293,-42.669749,-71.566515,986.8067,964.47,21.654,0.69,PASA
334320300400258294,-42.670038,-71.565937,995.7947,971.68,21.656,2.46,PASA
334320300400258305,-42.673203,-71.559625,997.96204,977.05,21.674,-0.77,PASA
334320300400258310,-42.674649,-71.556716,1077.1791,1059.01,21.682,-3.51,PASA
334320300400258319,-42.677245,-71.551509,1163.4275,1154.32,21.697,-12.59,FUERA_DE_UMBRAL
334320300400258320,-42.677532,-71.550938,1157.0157,1140.93,21.699,-5.61,FUERA_DE_UMBRAL
334320300400258324,-42.678681,-71.548650,1143.9177,1125.34,21.705,-3.13,PASA
334320300400258328,-42.679835,-71.546331,1193.3079,1174.74,21.712,-3.14,PASA
334320300400258330,-42.680412,-71.545175,1211.1913,1192.47,21.715,-2.99,PASA
334320300400258332,-42.680988,-71.544022,1223.253,1209.27,21.718,-7.74,FUERA_DE_UMBRAL
334320300400258333,-42.681277,-71.543440,1240.5082,1217.78,21.720,1.01,PASA
334320300400258335,-42.681855,-71.542281,1263.8673,1250.65,21.723,-8.50,FUERA_DE_UMBRAL
334320300400258338,-42.682724,-71.540529,1327.2468,1293.99,21.727,11.53,FUERA_DE_UMBRAL
334320300400258339,-42.683011,-71.539958,1322.0598,1308.07,21.728,-7.74,FUERA_DE_UMBRAL
334320300400258340,-42.683302,-71.539371,1347.7878,1318.64,21.729,7.41,FUERA_DE_UMBRAL
334320300400258343,-42.684168,-71.537638,1372.2896,1352.50,21.733,-1.94,PASA
334320300400258345,-42.684747,-71.536474,1404.1027,1379.09,21.735,3.27,PASA
334320300400258346,-42.685035,-71.535898,1409.1434,1387.63,21.736,-0.23,PASA
334320300400258347,-42.685325,-71.535319,1419.8132,1395.69,21.737,2.39,PASA
334320300400258350,-42.686190,-71.533590,1433.1912,1416.03,21.741,-4.58,PASA
334320300400258363,-42.689947,-71.526089,1512.492,1494.18,21.755,-3.45,PASA
334320300400258365,-42.690527,-71.524926,1542.9337,1520.92,21.757,0.26,PASA
334320300400258366,-42.690816,-71.524350,1547.1395,1523.91,21.758,1.48,PASA
334320500400258177,-42.664325,-71.596072,1266.7025,1249.31,21.584,-4.19,PASA
334320500400258178,-42.664614,-71.595492,1278.2684,1258.35,21.586,-1.67,PASA
334320500400258181,-42.665484,-71.593743,1327.9507,1307.32,21.591,-0.96,PASA
334320500400258182,-42.665772,-71.593169,1329.5663,1310.42,21.593,-2.45,PASA
334320500400258183,-42.666059,-71.592598,1325.4106,1303.46,21.594,0.36,PASA
334320500400258198,-42.670318,-71.584270,839.5045,817.82,21.621,0.07,PASA
334320500400258199,-42.670606,-71.583696,839.361,817.65,21.623,0.08,PASA
334320500400258200,-42.670893,-71.583122,840.4019,818.39,21.625,0.39,PASA
334320500400258201,-42.671181,-71.582548,841.0331,819.63,21.627,-0.22,PASA
334320500400258202,-42.671469,-71.581974,841.98004,820.61,21.628,-0.25,PASA
334320500400258203,-42.671756,-71.581400,842.5824,821.45,21.630,-0.50,PASA
334320500400258204,-42.672044,-71.580826,843.492,821.97,21.632,-0.11,PASA
334320500400258205,-42.672332,-71.580253,844.22144,822.52,21.633,0.07,PASA
334320500400258206,-42.672619,-71.579679,844.52124,823.11,21.635,-0.22,PASA
334320500400258207,-42.672907,-71.579105,845.1269,823.88,21.637,-0.38,PASA
334320500400258208,-42.673194,-71.578531,845.9024,824.66,21.638,-0.39,PASA
334320500400258209,-42.673482,-71.577957,846.85406,825.53,21.640,-0.31,PASA
334320500400258210,-42.673770,-71.577384,847.509,826.42,21.642,-0.55,PASA
334320500400258211,-42.674057,-71.576810,847.97437,827.68,21.643,-1.35,PASA
334320500400258214,-42.674929,-71.575047,922.4793,898.49,21.648,2.34,PASA
334320500400258215,-42.675217,-71.574474,923.0066,900.99,21.650,0.37,PASA
334320500400258216,-42.675504,-71.573901,921.88715,901.67,21.652,-1.43,PASA
334320500400258217,-42.675792,-71.573325,926.13605,903.98,21.653,0.50,PASA
334320500400258218,-42.676081,-71.572746,935.7779,911.93,21.655,2.20,PASA
334320500400258219,-42.676370,-71.572167,945.46875,921.71,21.657,2.11,PASA
334320500400258220,-42.676658,-71.571592,949.0365,927.00,21.658,0.38,PASA
334320500400258221,-42.676948,-71.571011,962.28864,938.31,21.660,2.32,PASA
334320500400258222,-42.677238,-71.570428,978.5551,953.57,21.662,3.33,PASA
334320500400258228,-42.678981,-71.566912,1107.7056,1087.66,21.672,-1.63,PASA
334320500400258229,-42.679271,-71.566333,1117.7921,1092.43,21.673,3.69,PASA
334320500400258230,-42.679557,-71.565767,1104.585,1090.92,21.675,-8.01,FUERA_DE_UMBRAL
334320500400258231,-42.679846,-71.565193,1104.7648,1086.10,21.677,-3.01,PASA
334320500400258232,-42.680135,-71.564614,1113.6377,1096.82,21.678,-4.86,PASA
334320500400258233,-42.680425,-71.564032,1127.5039,1108.80,21.680,-2.98,PASA
334320500400258242,-42.683048,-71.558739,1353.8506,1346.36,21.695,-14.20,FUERA_DE_UMBRAL
334320500400258243,-42.683340,-71.558150,1379.9138,1357.46,21.697,0.76,PASA
334320500400258244,-42.683628,-71.557578,1376.2299,1357.45,21.698,-2.92,PASA
334320500400258247,-42.684488,-71.555886,1325.6115,1309.58,21.703,-5.67,FUERA_DE_UMBRAL
334320500400258248,-42.684776,-71.555315,1321.7739,1300.05,21.705,0.02,PASA
334320500400258249,-42.685062,-71.554756,1295.5752,1286.40,21.706,-12.53,FUERA_DE_UMBRAL
334320500400258252,-42.685933,-71.553007,1346.1864,1326.57,21.711,-2.10,PASA
334320500400258258,-42.687653,-71.549625,1246.5679,1238.15,21.721,-13.30,FUERA_DE_UMBRAL
334320600400967042,-42.673747,-71.590818,945.3321,926.40,21.614,-2.68,PASA
334320600400967046,-42.674887,-71.588585,837.0443,817.25,21.621,-1.83,PASA
334320600400967048,-42.675462,-71.587437,836.8495,815.12,21.625,0.11,PASA
334320600400967049,-42.675750,-71.586864,836.91437,815.07,21.627,0.22,PASA
334320600400967050,-42.676037,-71.586290,837.08655,815.17,21.629,0.29,PASA
334320600400967051,-42.676325,-71.585716,838.4198,815.64,21.630,1.15,PASA
334320600400967052,-42.676613,-71.585142,838.4492,816.93,21.632,-0.11,PASA
334320600400967053,-42.676900,-71.584568,839.34155,818.41,21.634,-0.71,PASA
334320600400967054,-42.677188,-71.583993,841.67377,820.07,21.636,-0.04,PASA
334320600400967055,-42.677476,-71.583418,843.72876,822.16,21.638,-0.07,PASA
334320600400967056,-42.677764,-71.582842,848.62866,827.15,21.640,-0.17,PASA
334320600400967057,-42.678052,-71.582265,854.3373,831.41,21.641,1.29,PASA
334320600400967058,-42.678341,-71.581685,865.4181,842.69,21.643,1.08,PASA
334320600400967059,-42.678630,-71.581104,878.1687,856.99,21.645,-0.47,PASA
334320600400967060,-42.678918,-71.580528,882.94147,860.91,21.646,0.39,PASA
334320600400967061,-42.679206,-71.579953,884.5245,863.70,21.648,-0.82,PASA
334320600400967062,-42.679494,-71.579378,888.40314,867.31,21.650,-0.56,PASA
334320600400967076,-42.684119,-71.570076,1108.6061,1100.56,21.676,-13.63,FUERA_DE_UMBRAL
334320600400967077,-42.684408,-71.569499,1114.5864,1100.31,21.678,-7.40,FUERA_DE_UMBRAL
334320600400967078,-42.684696,-71.568927,1111.4159,1106.02,21.680,-16.28,FUERA_DE_UMBRAL
334320600400967079,-42.684985,-71.568349,1119.4734,1112.69,21.681,-14.90,FUERA_DE_UMBRAL
334320600400967088,-42.687608,-71.563024,1399.3713,1376.60,21.696,1.08,PASA
334320600400967089,-42.687898,-71.562444,1410.2651,1386.89,21.698,1.67,PASA
334320600400967090,-42.688186,-71.561869,1411.9656,1388.84,21.700,1.42,PASA
334320600400967091,-42.688474,-71.561299,1405.067,1391.03,21.701,-7.66,FUERA_DE_UMBRAL
334320600400967092,-42.688763,-71.560721,1411.7952,1396.32,21.703,-6.23,FUERA_DE_UMBRAL
334320600400967093,-42.689055,-71.560131,1439.9805,1417.28,21.704,1.00,PASA
334320600400967094,-42.689345,-71.559549,1453.7461,1425.04,21.706,7.00,FUERA_DE_UMBRAL
334320600400967095,-42.689632,-71.558981,1443.9703,1422.98,21.708,-0.71,PASA
334320600400967096,-42.689922,-71.558404,1449.8838,1425.80,21.709,2.38,PASA
334320800400262636,-42.680641,-71.595597,932.58325,917.30,21.617,-6.33,FUERA_DE_UMBRAL
334320800400262637,-42.680930,-71.595022,933.8817,915.48,21.619,-3.21,PASA
334320800400262638,-42.681217,-71.594458,918.3834,895.90,21.621,0.86,PASA
334320800400262639,-42.681504,-71.593894,904.24695,882.21,21.622,0.41,PASA
334320800400262640,-42.681791,-71.593328,892.90894,864.12,21.624,7.16,FUERA_DE_UMBRAL
334320800400262641,-42.682078,-71.592762,880.1768,860.20,21.626,-1.65,PASA
334320800400262642,-42.682367,-71.592187,882.5129,859.45,21.628,1.43,PASA
334320800400262643,-42.682655,-71.591617,877.3225,856.88,21.630,-1.19,PASA
334320800400262645,-42.683229,-71.590490,845.9859,822.46,21.634,1.89,PASA
334320800400262646,-42.683517,-71.589922,836.836,818.25,21.636,-3.05,PASA
334320800400262647,-42.683805,-71.589349,835.60144,814.56,21.638,-0.60,PASA
334320800400262648,-42.684094,-71.588777,833.8575,813.00,21.639,-0.78,PASA
334320800400262649,-42.684383,-71.588203,833.7729,812.76,21.641,-0.63,PASA
334320800400262651,-42.684960,-71.587056,833.7378,812.68,21.645,-0.59,PASA
334320800400262654,-42.685834,-71.585294,899.55914,874.53,21.651,3.38,PASA
334320800400262655,-42.686123,-71.584719,901.6999,875.73,21.653,4.32,PASA
334320800400262656,-42.686411,-71.584150,895.91534,875.69,21.655,-1.43,PASA
334320800400262657,-42.686701,-71.583575,898.8164,880.78,21.657,-3.62,PASA
334320800400262658,-42.686991,-71.582994,910.98267,892.25,21.659,-2.93,PASA
334320800400262659,-42.687281,-71.582412,924.1769,904.52,21.660,-2.00,PASA
334320800400262660,-42.687570,-71.581835,930.31775,913.95,21.662,-5.29,FUERA_DE_UMBRAL
334320800400262663,-42.688444,-71.580074,995.8037,974.01,21.667,0.12,PASA
334320800400262664,-42.688734,-71.579496,1004.05426,987.92,21.669,-5.54,FUERA_DE_UMBRAL
334320800400262665,-42.689024,-71.578916,1014.0455,1000.27,21.670,-7.89,FUERA_DE_UMBRAL
334320800400262666,-42.689313,-71.578341,1016.77344,1004.27,21.672,-9.17,FUERA_DE_UMBRAL
334320800400262671,-42.690771,-71.575398,1138.5844,1116.09,21.680,0.81,PASA
334320800400262672,-42.691061,-71.574816,1152.5555,1128.65,21.682,2.22,PASA
334321100400257535,-42.686419,-71.597302,981.8793,960.43,21.624,-0.18,PASA
334321100400257536,-42.686708,-71.596720,993.7983,968.64,21.626,3.53,PASA
334321100400257538,-42.687284,-71.595578,985.7407,962.90,21.630,1.21,PASA
334321100400257539,-42.687573,-71.595004,987.16406,961.99,21.632,3.55,PASA
334321100400257544,-42.689292,-71.591650,850.92114,822.91,21.643,6.37,FUERA_DE_UMBRAL
334321100400257545,-42.689579,-71.591086,835.357,812.89,21.645,0.82,PASA
334321100400257546,-42.689867,-71.590513,834.19403,813.50,21.647,-0.96,PASA
334321100400257547,-42.690156,-71.589938,837.01984,815.76,21.649,-0.39,PASA
334321100400257548,-42.690446,-71.589362,840.17584,818.30,21.651,0.23,PASA
334321100400257549,-42.690735,-71.588787,842.4814,820.85,21.653,-0.02,PASA
334321100400257550,-42.691024,-71.588211,846.6005,826.49,21.655,-1.55,PASA
334321100400257551,-42.691313,-71.587637,846.88153,827.04,21.657,-1.82,PASA
340730000400262458,-42.650086,-71.569261,873.5314,859.69,21.607,-7.77,FUERA_DE_UMBRAL
340730000400262459,-42.650374,-71.568690,871.69977,854.62,21.609,-4.53,PASA
340730000400262460,-42.650662,-71.568120,868.4698,849.83,21.611,-2.97,PASA
340730000400262461,-42.650951,-71.567548,866.2908,846.97,21.612,-2.29,PASA
340730000400262463,-42.651528,-71.566406,862.57513,845.10,21.615,-4.14,PASA
340730000400262464,-42.651817,-71.565833,862.2123,845.37,21.617,-4.77,PASA
340730000400262465,-42.652106,-71.565260,862.8055,846.07,21.619,-4.88,PASA
340730000400262466,-42.652395,-71.564688,862.57623,843.90,21.620,-2.94,PASA
340730000400262472,-42.654171,-71.561177,978.65155,959.34,21.630,-2.32,PASA
340730000400262474,-42.654749,-71.560031,978.5182,958.07,21.634,-1.19,PASA
340730100400258033,-42.661205,-71.560712,1005.14667,985.50,21.647,-2.00,PASA
340730100400258036,-42.662088,-71.558962,1053.5516,1030.35,21.652,1.55,PASA
340730100400258038,-42.662668,-71.557810,1062.3582,1035.36,21.655,5.34,FUERA_DE_UMBRAL
340730100400258040,-42.663245,-71.556665,1060.8848,1037.07,21.659,2.16,PASA
340730100400258041,-42.663536,-71.556085,1070.1354,1047.74,21.661,0.74,PASA
340730100400258042,-42.663830,-71.555502,1085.1797,1060.43,21.662,3.09,PASA
340730100400258043,-42.664124,-71.554918,1102.0681,1074.93,21.664,5.48,FUERA_DE_UMBRAL
340730100400258044,-42.664416,-71.554338,1112.7441,1085.08,21.666,6.00,FUERA_DE_UMBRAL
340730200400263066,-42.660187,-71.572479,853.2616,828.95,21.623,2.68,PASA
340730200400263069,-42.661049,-71.570762,849.6574,828.52,21.628,-0.49,PASA
340730200400263085,-42.665719,-71.561486,1034.4718,1007.19,21.655,5.63,FUERA_DE_UMBRAL
340730300400257954,-42.664333,-71.577767,851.4952,828.21,21.621,1.66,PASA
340730300400257984,-42.673016,-71.560495,990.7436,965.67,21.672,3.40,PASA
340730300400257985,-42.673307,-71.559918,997.8923,974.92,21.674,1.30,PASA
340730300400257986,-42.673601,-71.559333,1017.0576,991.69,21.675,3.69,PASA
340730300400257987,-42.673892,-71.558756,1024.1072,1003.42,21.677,-0.99,PASA
340730300400257988,-42.674186,-71.558173,1041.2615,1020.09,21.679,-0.51,PASA
340730300400257989,-42.674480,-71.557592,1055.6932,1036.88,21.680,-2.87,PASA
340730300400257990,-42.674773,-71.557009,1072.1581,1057.14,21.682,-6.67,FUERA_DE_UMBRAL
340730500400257849,-42.678942,-71.567863,1079.3622,1059.99,21.670,-2.30,PASA
340730500400257850,-42.679235,-71.567278,1096.2719,1077.37,21.672,-2.77,PASA
340730500400257851,-42.679528,-71.566693,1112.9766,1091.53,21.673,-0.23,PASA
340730500400257852,-42.679814,-71.566124,1106.2273,1089.87,21.675,-5.32,FUERA_DE_UMBRAL
340730500400257853,-42.680102,-71.565550,1105.3988,1085.65,21.677,-1.93,PASA
340730500400257854,-42.680391,-71.564974,1109.7826,1095.00,21.678,-6.89,FUERA_DE_UMBRAL
340730500400257855,-42.680684,-71.564388,1127.569,1114.93,21.680,-9.04,FUERA_DE_UMBRAL
340730500400257864,-42.683344,-71.559061,1362.9291,1354.67,21.695,-13.43,FUERA_DE_UMBRAL
340730500400257865,-42.683635,-71.558478,1375.1447,1363.59,21.697,-10.14,FUERA_DE_UMBRAL
340730500400257866,-42.683924,-71.557901,1380.4541,1362.46,21.698,-3.70,PASA
340730500400257867,-42.684208,-71.557333,1369.9388,1353.69,21.700,-5.45,FUERA_DE_UMBRAL
340730500400257869,-42.684770,-71.556213,1328.7638,1318.13,21.703,-11.07,FUERA_DE_UMBRAL
340730500400257881,-42.688198,-71.549365,1259.2655,1246.15,21.722,-8.61,FUERA_DE_UMBRAL
340730600400970056,-42.684434,-71.570414,1115.0967,1107.11,21.676,-13.69,FUERA_DE_UMBRAL
340730600400970069,-42.688265,-71.562748,1418.0448,1394.01,21.698,2.34,PASA
340730600400970070,-42.688552,-71.562176,1414.9967,1394.22,21.700,-0.92,PASA
340730600400970071,-42.688838,-71.561605,1411.1696,1394.88,21.701,-5.41,FUERA_DE_UMBRAL
340730600400970072,-42.689126,-71.561029,1413.655,1401.09,21.703,-9.14,FUERA_DE_UMBRAL
340730600400970073,-42.689422,-71.560435,1443.0317,1423.26,21.705,-1.94,PASA
340730600400970075,-42.689997,-71.559285,1444.5472,1428.77,21.708,-5.93,FUERA_DE_UMBRAL
340730600400970076,-42.690288,-71.558702,1457.9597,1434.47,21.709,1.78,PASA
356600000400197094,-42.570161,-71.443882,955.42535,930.74,21.579,3.10,PASA
356600000400197102,-42.572476,-71.439298,993.3231,968.60,21.596,3.13,PASA
356600000400197105,-42.573345,-71.437577,1015.00616,988.17,21.602,5.23,FUERA_DE_UMBRAL
356600000400197116,-42.576816,-71.430695,1086.0662,1061.23,21.626,3.21,PASA
356600000400197149,-42.586357,-71.411791,1229.6759,1204.43,21.690,3.56,PASA
356600000400197150,-42.586647,-71.411218,1236.303,1215.01,21.692,-0.40,PASA
356600100400192436,-42.562194,-71.473233,831.51196,808.02,21.504,1.98,PASA
356600100400192468,-42.571426,-71.454903,947.1491,923.03,21.565,2.55,PASA
356600100400192471,-42.572294,-71.453185,957.0863,931.77,21.571,3.75,PASA
356600100400192480,-42.574892,-71.448035,968.09247,942.81,21.589,3.70,PASA
356600100400192483,-42.575764,-71.446314,992.67664,966.76,21.596,4.32,PASA
356600100400192484,-42.576053,-71.445741,996.6144,970.58,21.598,4.44,PASA
356600100400192485,-42.576343,-71.445169,1001.0952,975.60,21.600,3.90,PASA
356600100400192486,-42.576633,-71.444595,1007.9342,981.29,21.602,5.04,FUERA_DE_UMBRAL
356600100400192487,-42.576922,-71.444022,1012.2866,989.95,21.604,0.74,PASA
356600100400192489,-42.577503,-71.442875,1027.1697,1008.70,21.608,-3.14,PASA
356600100400192491,-42.578089,-71.441723,1066.302,1047.21,21.612,-2.52,PASA
356600100400192492,-42.578382,-71.441148,1082.8324,1066.30,21.614,-5.08,FUERA_DE_UMBRAL
356600100400192493,-42.578674,-71.440572,1101.5874,1079.31,21.616,0.66,PASA
356600100400192496,-42.579544,-71.438851,1125.7637,1101.99,21.622,2.15,PASA
356600100400192538,-42.591950,-71.414224,1240.9362,1216.34,21.701,2.89,PASA
356600100400192543,-42.593398,-71.411358,1269.4092,1244.14,21.709,3.56,PASA
356600200400197666,-42.567373,-71.472922,906.2698,883.45,21.523,1.29,PASA
356600200400197717,-42.582099,-71.443695,1134.3605,1108.75,21.623,3.98,PASA
356600200400197718,-42.582388,-71.443122,1140.3496,1112.12,21.625,6.61,FUERA_DE_UMBRAL
356600200400197722,-42.583831,-71.440257,1160.5411,1133.62,21.635,5.28,FUERA_DE_UMBRAL
356600200400197723,-42.584119,-71.439684,1164.3977,1139.16,21.637,3.60,PASA
356600200400197728,-42.585562,-71.436821,1175.2623,1147.12,21.646,6.50,FUERA_DE_UMBRAL
356600200400197729,-42.585851,-71.436248,1178.1052,1150.34,21.647,6.12,FUERA_DE_UMBRAL
356600200400197730,-42.586139,-71.435676,1178.195,1152.63,21.649,3.92,PASA
356600200400197745,-42.590486,-71.427078,1275.5518,1261.94,21.675,-8.06,FUERA_DE_UMBRAL
356600200400197748,-42.591353,-71.425359,1290.9391,1274.24,21.681,-4.98,PASA
356600200400197750,-42.591931,-71.424212,1299.4371,1283.78,21.684,-6.03,FUERA_DE_UMBRAL
356600200400197751,-42.592220,-71.423639,1302.7955,1290.17,21.686,-9.06,FUERA_DE_UMBRAL
356600200400197752,-42.592509,-71.423066,1309.7303,1294.10,21.687,-6.05,FUERA_DE_UMBRAL
356600200400197754,-42.593086,-71.421920,1313.5259,1299.22,21.691,-7.38,FUERA_DE_UMBRAL
356600200400197755,-42.593371,-71.421349,1302.619,1288.95,21.693,-8.02,FUERA_DE_UMBRAL
356600200400197757,-42.593941,-71.420207,1282.3993,1260.18,21.696,0.53,PASA
356600200400197758,-42.594226,-71.419636,1270.7643,1252.98,21.698,-3.91,PASA
356600200400197760,-42.594799,-71.418492,1260.3379,1246.92,21.701,-8.28,FUERA_DE_UMBRAL
356600200400197761,-42.595085,-71.417920,1254.2695,1239.53,21.703,-6.96,FUERA_DE_UMBRAL
356600300400192470,-42.560823,-71.499409,795.9413,772.83,21.463,1.65,PASA
356600300400192475,-42.562266,-71.496551,799.2705,775.59,21.472,2.21,PASA
356600300400192485,-42.565153,-71.490836,798.9303,775.99,21.489,1.45,PASA
356600300400192557,-42.585968,-71.449571,1138.095,1112.05,21.625,4.42,PASA
356600300400192560,-42.586832,-71.447853,1147.4795,1120.33,21.630,5.52,FUERA_DE_UMBRAL
356600300400192565,-42.588274,-71.444986,1176.1018,1147.92,21.639,6.54,FUERA_DE_UMBRAL
356600300400192566,-42.588562,-71.444413,1177.9766,1150.89,21.641,5.45,FUERA_DE_UMBRAL
356600300400192571,-42.590006,-71.441547,1205.2826,1193.39,21.650,-9.76,FUERA_DE_UMBRAL
356600300400192573,-42.590584,-71.440400,1219.3402,1203.06,21.654,-5.38,FUERA_DE_UMBRAL
356600300400192575,-42.591161,-71.439255,1223.9739,1210.48,21.657,-8.17,FUERA_DE_UMBRAL
356600300400192578,-42.592026,-71.437537,1229.9397,1217.25,21.662,-8.97,FUERA_DE_UMBRAL
356600300400192579,-42.592315,-71.436964,1232.7717,1218.65,21.664,-7.55,FUERA_DE_UMBRAL
356600300400192584,-42.593761,-71.434099,1255.4446,1247.75,21.673,-13.97,FUERA_DE_UMBRAL
356600300400192587,-42.594629,-71.432381,1265.32,1253.79,21.678,-10.15,FUERA_DE_UMBRAL
356600300400192588,-42.594917,-71.431809,1265.8928,1256.38,21.680,-12.17,FUERA_DE_UMBRAL
356600300400192590,-42.595492,-71.430665,1259.3342,1249.62,21.683,-11.97,FUERA_DE_UMBRAL
356600300400192591,-42.595780,-71.430093,1257.4581,1246.18,21.685,-10.41,FUERA_DE_UMBRAL
356600300400192592,-42.596067,-71.429522,1251.791,1242.22,21.686,-12.12,FUERA_DE_UMBRAL
356600300400192593,-42.596355,-71.428950,1249.1855,1236.89,21.688,-9.39,FUERA_DE_UMBRAL
356600300400192594,-42.596644,-71.428377,1251.7522,1234.70,21.690,-4.64,PASA
356600300400192595,-42.596932,-71.427805,1250.1998,1233.51,21.691,-5.00,FUERA_DE_UMBRAL
356600300400192596,-42.597216,-71.427235,1232.3591,1219.37,21.693,-8.71,FUERA_DE_UMBRAL
356600300400192597,-42.597503,-71.426663,1226.8809,1210.25,21.695,-5.06,FUERA_DE_UMBRAL
356600300400192598,-42.597790,-71.426092,1222.2471,1207.95,21.697,-7.40,FUERA_DE_UMBRAL
356600300400192599,-42.598078,-71.425519,1223.9747,1207.79,21.698,-5.52,FUERA_DE_UMBRAL
356600300400192600,-42.598366,-71.424946,1222.7673,1207.49,21.700,-6.42,FUERA_DE_UMBRAL
356600300400192601,-42.598654,-71.424374,1222.7578,1209.69,21.702,-8.64,FUERA_DE_UMBRAL
356600300400192602,-42.598942,-71.423801,1226.8694,1211.31,21.703,-6.14,FUERA_DE_UMBRAL
356600300400192603,-42.599228,-71.423229,1218.0537,1200.95,21.705,-4.60,PASA
356600300400192604,-42.599516,-71.422656,1219.5719,1200.77,21.707,-2.91,PASA
356600300400192605,-42.599806,-71.422082,1230.6216,1217.84,21.708,-8.93,FUERA_DE_UMBRAL
356600300400192606,-42.600095,-71.421509,1234.805,1224.24,21.710,-11.15,FUERA_DE_UMBRAL
356600300400192607,-42.600384,-71.420935,1241.6083,1230.04,21.712,-10.14,FUERA_DE_UMBRAL
356600300400192608,-42.600672,-71.420362,1242.8182,1234.50,21.713,-13.40,FUERA_DE_UMBRAL
356600300400192609,-42.600961,-71.419788,1249.2112,1239.29,21.715,-11.79,FUERA_DE_UMBRAL
356600300400192610,-42.601252,-71.419213,1264.8679,1252.90,21.717,-9.75,FUERA_DE_UMBRAL
356600300400192611,-42.601543,-71.418638,1282.0421,1271.91,21.718,-11.59,FUERA_DE_UMBRAL
356600300400192612,-42.601835,-71.418062,1302.9296,1291.49,21.720,-10.28,FUERA_DE_UMBRAL
356600300400192616,-42.602989,-71.415768,1324.792,1311.99,21.726,-8.93,FUERA_DE_UMBRAL
356600300400192622,-42.604718,-71.412329,1343.0853,1322.94,21.736,-1.59,PASA
356600500400192354,-42.571419,-71.497364,812.6756,789.66,21.501,1.52,PASA
356600500400192356,-42.571996,-71.496219,814.6695,793.06,21.504,0.10,PASA
356600500400192357,-42.572286,-71.495645,822.0363,798.63,21.506,1.90,PASA
356600500400192358,-42.572575,-71.495072,825.68036,802.17,21.508,2.00,PASA
356600500400192359,-42.572864,-71.494499,830.2235,806.58,21.510,2.14,PASA
356600500400192360,-42.573154,-71.493925,836.98364,813.32,21.512,2.15,PASA
356600500400192361,-42.573443,-71.493351,843.6407,819.79,21.513,2.33,PASA
356600500400192362,-42.573734,-71.492777,852.84247,828.50,21.515,2.82,PASA
356600500400192363,-42.574023,-71.492203,860.31525,838.82,21.517,-0.02,PASA
356600500400192364,-42.574314,-71.491629,871.57947,852.34,21.519,-2.28,PASA
356600500400192378,-42.578355,-71.483609,922.00543,898.47,21.545,1.99,PASA
356600500400192379,-42.578642,-71.483037,918.71606,898.30,21.547,-1.13,PASA
356600500400192382,-42.579509,-71.481316,943.2373,917.08,21.552,4.61,PASA
356600500400192383,-42.579795,-71.480745,934.84814,915.33,21.554,-2.03,PASA
356600500400192384,-42.580084,-71.480171,941.55804,915.73,21.556,4.28,PASA
356600500400192385,-42.580370,-71.479600,937.6954,914.80,21.558,1.34,PASA
356600500400192386,-42.580659,-71.479027,940.75616,916.50,21.560,2.70,PASA
356600500400192387,-42.580946,-71.478455,942.37244,918.21,21.562,2.60,PASA
356600500400192388,-42.581235,-71.477881,946.7062,920.58,21.564,4.56,PASA
356600500400192389,-42.581523,-71.477308,950.55865,926.11,21.566,2.89,PASA
356600500400192390,-42.581812,-71.476734,956.84937,931.74,21.568,3.55,PASA
356600500400192391,-42.582101,-71.476161,964.4594,938.51,21.570,4.38,PASA
356600500400192392,-42.582390,-71.475587,971.8577,945.99,21.571,4.30,PASA
356600500400192393,-42.582679,-71.475013,978.49445,953.96,21.573,2.96,PASA
356600500400192421,-42.590776,-71.458968,1089.5398,1060.10,21.623,7.82,FUERA_DE_UMBRAL
356600500400192422,-42.591065,-71.458396,1091.9828,1063.24,21.625,7.12,FUERA_DE_UMBRAL
356600500400192423,-42.591353,-71.457823,1092.8805,1064.06,21.627,7.20,FUERA_DE_UMBRAL
356600500400192424,-42.591642,-71.457251,1093.0303,1060.09,21.629,11.32,FUERA_DE_UMBRAL
356600500400192425,-42.591929,-71.456679,1089.983,1058.51,21.630,9.84,FUERA_DE_UMBRAL
356600500400192426,-42.592217,-71.456107,1089.098,1057.59,21.632,9.88,FUERA_DE_UMBRAL
356600500400192427,-42.592505,-71.455535,1087.4712,1057.56,21.634,8.28,FUERA_DE_UMBRAL
356600500400192428,-42.592792,-71.454963,1086.3525,1060.47,21.636,4.25,PASA
356600500400192429,-42.593083,-71.454388,1097.4501,1070.81,21.637,5.00,FUERA_DE_UMBRAL
356600500400192430,-42.593373,-71.453813,1107.28,1081.84,21.639,3.80,PASA
356600500400192431,-42.593663,-71.453239,1117.3031,1090.19,21.641,5.47,FUERA_DE_UMBRAL
356600500400192434,-42.594531,-71.451517,1134.1696,1110.43,21.646,2.09,PASA
356600500400192435,-42.594819,-71.450944,1136.9315,1112.33,21.648,2.96,PASA
356600500400192438,-42.595683,-71.449225,1142.7041,1132.80,21.653,-11.75,FUERA_DE_UMBRAL
356600500400192439,-42.595971,-71.448653,1143.845,1132.65,21.655,-10.46,FUERA_DE_UMBRAL
356600500400192440,-42.596260,-71.448079,1149.1622,1128.37,21.657,-0.87,PASA
356600500400192441,-42.596548,-71.447506,1151.9983,1129.08,21.659,1.26,PASA
356600500400192442,-42.596836,-71.446933,1152.145,1129.60,21.660,0.88,PASA
356600500400192443,-42.597125,-71.446360,1157.5428,1131.14,21.662,4.74,PASA
356600500400192444,-42.597410,-71.445789,1147.1093,1129.89,21.664,-4.45,PASA
356600500400192445,-42.597702,-71.445213,1163.4974,1135.68,21.666,6.15,FUERA_DE_UMBRAL
356600500400192446,-42.597991,-71.444639,1171.4666,1148.40,21.667,1.40,PASA
356600500400192447,-42.598279,-71.444066,1172.7516,1150.39,21.669,0.69,PASA
356600500400192448,-42.598568,-71.443493,1175.7644,1151.99,21.671,2.11,PASA
356600500400192449,-42.598856,-71.442920,1178.7028,1155.65,21.673,1.38,PASA
356600500400192450,-42.599145,-71.442347,1183.0276,1158.86,21.674,2.49,PASA
356600500400192451,-42.599434,-71.441774,1186.4839,1161.68,21.676,3.13,PASA
356600500400192452,-42.599722,-71.441201,1187.3516,1164.17,21.678,1.50,PASA
356600500400192453,-42.600010,-71.440629,1189.4033,1166.32,21.679,1.40,PASA
356600500400192454,-42.600298,-71.440056,1190.6256,1173.70,21.681,-4.76,PASA
356600500400192455,-42.600587,-71.439483,1193.2114,1175.89,21.683,-4.36,PASA
356600500400192456,-42.600875,-71.438911,1193.9772,1178.29,21.685,-6.00,FUERA_DE_UMBRAL
356600500400192457,-42.601163,-71.438338,1195.4926,1180.11,21.686,-6.30,FUERA_DE_UMBRAL
356600500400192458,-42.601451,-71.437766,1196.6686,1183.74,21.688,-8.76,FUERA_DE_UMBRAL
356600500400192459,-42.601739,-71.437194,1197.6743,1183.55,21.690,-7.57,FUERA_DE_UMBRAL
356600500400192460,-42.602027,-71.436622,1195.752,1181.12,21.691,-7.06,FUERA_DE_UMBRAL
356600500400192461,-42.602314,-71.436051,1191.8684,1175.96,21.693,-5.79,FUERA_DE_UMBRAL
356600500400192462,-42.602601,-71.435480,1184.437,1165.08,21.695,-2.33,PASA
356600500400192463,-42.602889,-71.434908,1185.5396,1164.22,21.696,-0.38,PASA
356600500400192464,-42.603177,-71.434335,1187.1481,1165.23,21.698,0.22,PASA
356600500400192465,-42.603467,-71.433762,1192.741,1169.94,21.700,1.10,PASA
356600500400192466,-42.603756,-71.433189,1196.9521,1174.14,21.701,1.11,PASA
356600500400192467,-42.604045,-71.432616,1202.1934,1177.35,21.703,3.14,PASA
356600500400192468,-42.604333,-71.432044,1200.112,1176.39,21.705,2.02,PASA
356600500400192469,-42.604621,-71.431472,1202.4353,1179.27,21.706,1.46,PASA
356600500400192470,-42.604909,-71.430901,1198.3447,1176.82,21.708,-0.18,PASA
356600500400192471,-42.605195,-71.430331,1188.594,1168.33,21.710,-1.44,PASA
356600500400192472,-42.605482,-71.429760,1183.2147,1161.88,21.711,-0.37,PASA
356600600401033474,-42.578091,-71.497651,922.24335,897.03,21.522,3.69,PASA
356600600401033475,-42.578379,-71.497078,923.8571,900.33,21.524,2.00,PASA
356600600401033476,-42.578667,-71.496506,921.0105,898.02,21.526,1.47,PASA
356600600401033477,-42.578954,-71.495935,915.3991,889.25,21.528,4.62,PASA
356600600401033478,-42.579240,-71.495365,904.2229,879.59,21.530,3.10,PASA
356600600401033479,-42.579527,-71.494795,897.6555,874.04,21.531,2.08,PASA
356600600401033504,-42.586763,-71.480446,1096.1028,1072.60,21.577,1.93,PASA
356600600401033505,-42.587052,-71.479872,1103.9536,1080.06,21.579,2.31,PASA
356600600401033506,-42.587340,-71.479298,1108.9713,1086.24,21.581,1.15,PASA
356600600401033507,-42.587629,-71.478725,1115.8303,1092.16,21.583,2.09,PASA
356600600401033508,-42.587918,-71.478151,1122.9486,1097.49,21.584,3.87,PASA
356600600401033509,-42.588207,-71.477577,1127.5768,1102.99,21.586,3.00,PASA
356600600401033510,-42.588495,-71.477004,1132.3148,1108.13,21.588,2.60,PASA
356600600401033511,-42.588783,-71.476431,1133.0135,1107.50,21.590,3.93,PASA
356600600401033512,-42.589070,-71.475859,1132.0166,1108.47,21.591,1.96,PASA
356600600401033513,-42.589358,-71.475286,1136.5184,1112.64,21.593,2.29,PASA
356600600401033533,-42.595121,-71.463844,1130.5529,1106.35,21.628,2.58,PASA
356600600401033534,-42.595411,-71.463271,1134.8741,1110.38,21.630,2.87,PASA
356600600401033536,-42.595990,-71.462124,1144.5454,1117.51,21.634,5.40,FUERA_DE_UMBRAL
356600600401033537,-42.596279,-71.461551,1147.8496,1120.84,21.635,5.37,FUERA_DE_UMBRAL
356600600401033538,-42.596569,-71.460978,1152.4521,1125.65,21.637,5.17,FUERA_DE_UMBRAL
356600600401033539,-42.596858,-71.460405,1158.1644,1128.96,21.639,7.57,FUERA_DE_UMBRAL
356600600401033540,-42.597146,-71.459833,1153.6199,1124.97,21.641,7.01,FUERA_DE_UMBRAL
356600600401033541,-42.597432,-71.459264,1142.3772,1115.29,21.642,5.44,FUERA_DE_UMBRAL
356600600401033542,-42.597718,-71.458693,1134.0109,1109.84,21.644,2.53,PASA
356600600401033543,-42.598005,-71.458122,1128.137,1106.54,21.646,-0.04,PASA
356600600401033544,-42.598294,-71.457550,1129.9478,1106.75,21.648,1.55,PASA
356600600401033545,-42.598582,-71.456977,1128.73,1105.06,21.649,2.02,PASA
356600600401033546,-42.598869,-71.456406,1123.2042,1101.99,21.651,-0.44,PASA
356600600401033547,-42.599157,-71.455833,1127.2875,1102.64,21.653,2.99,PASA
356600600401033548,-42.599447,-71.455259,1133.818,1109.47,21.655,2.69,PASA
356600600401033550,-42.600024,-71.454113,1139.1755,1114.13,21.658,3.39,PASA
356600600401033551,-42.600313,-71.453539,1144.8953,1118.82,21.660,4.41,PASA
356600600401033552,-42.600602,-71.452965,1148.6868,1122.77,21.662,4.25,PASA
356600600401033553,-42.600891,-71.452391,1155.0974,1129.60,21.663,3.83,PASA
356600600401033554,-42.601182,-71.451815,1170.1261,1144.33,21.665,4.13,PASA
356600600401033555,-42.601474,-71.451238,1190.9089,1165.11,21.667,4.14,PASA
356600600401033556,-42.602340,-71.449517,1203.8707,1185.70,21.672,-3.50,PASA
356600600401033557,-42.602625,-71.448948,1191.225,1184.23,21.674,-14.68,FUERA_DE_UMBRAL
356600600401033558,-42.602910,-71.448378,1179.6216,1178.63,21.675,-20.68,FUERA_DE_UMBRAL
356600600401033561,-42.603768,-71.446666,1154.6023,1144.62,21.681,-11.70,FUERA_DE_UMBRAL
356600600401033562,-42.604055,-71.446093,1153.1215,1138.99,21.682,-7.55,FUERA_DE_UMBRAL
356600600401033563,-42.604344,-71.445520,1159.222,1149.63,21.684,-12.09,FUERA_DE_UMBRAL
356600600401033564,-42.604634,-71.444945,1169.6274,1158.80,21.686,-10.86,FUERA_DE_UMBRAL
356600600401033565,-42.604923,-71.444371,1175.3643,1163.07,21.687,-9.40,FUERA_DE_UMBRAL
356600600401033566,-42.605210,-71.443799,1172.8451,1160.52,21.689,-9.36,FUERA_DE_UMBRAL
356600600401033567,-42.605497,-71.443227,1169.8438,1157.14,21.691,-8.98,FUERA_DE_UMBRAL
356600600401033568,-42.605785,-71.442655,1167.6556,1153.90,21.692,-7.94,FUERA_DE_UMBRAL
356600600401033569,-42.606072,-71.442084,1163.917,1150.01,21.694,-7.79,FUERA_DE_UMBRAL
356600600401033570,-42.606360,-71.441511,1165.688,1141.64,21.696,2.35,PASA
356600600401033571,-42.606647,-71.440939,1163.3522,1141.68,21.697,-0.03,PASA
356600600401033572,-42.606935,-71.440367,1164.2448,1145.19,21.699,-2.64,PASA
356600600401033573,-42.607224,-71.439794,1167.8944,1144.93,21.701,1.27,PASA
356600600401033574,-42.607512,-71.439222,1167.4188,1145.81,21.702,-0.09,PASA
356600600401033575,-42.607801,-71.438649,1171.4333,1149.95,21.704,-0.22,PASA
356600600401033576,-42.608088,-71.438076,1170.5927,1150.30,21.706,-1.41,PASA
356600600401033577,-42.608376,-71.437504,1169.7189,1147.97,21.707,0.04,PASA
356600600401033578,-42.608664,-71.436932,1169.2699,1146.85,21.709,0.71,PASA
356600600401033579,-42.608952,-71.436360,1169.5897,1149.51,21.711,-1.63,PASA
356600600401033580,-42.609241,-71.435787,1174.772,1153.31,21.712,-0.25,PASA
356600600401033581,-42.609530,-71.435214,1178.6077,1155.78,21.714,1.12,PASA
356600600401033582,-42.609818,-71.434642,1178.6361,1158.22,21.716,-1.30,PASA
356600600401033583,-42.610106,-71.434070,1177.9937,1157.55,21.717,-1.28,PASA
356600600401033610,-42.617891,-71.418616,1194.5903,1179.67,21.761,-6.84,FUERA_DE_UMBRAL
356600600401033611,-42.618179,-71.418044,1195.1143,1178.67,21.762,-5.32,FUERA_DE_UMBRAL
356600600401033612,-42.618466,-71.417472,1190.9199,1169.23,21.764,-0.07,PASA
356600600401033613,-42.618752,-71.416901,1181.4875,1160.06,21.765,-0.34,PASA
356600600401033614,-42.619039,-71.416330,1173.5939,1151.92,21.767,-0.10,PASA
356600600401033615,-42.619327,-71.415758,1172.3282,1149.64,21.768,0.92,PASA
356600600401033616,-42.619615,-71.415184,1176.5776,1153.07,21.770,1.73,PASA
356600600401033617,-42.619905,-71.414609,1183.9629,1160.20,21.771,1.99,PASA
356600600401033618,-42.620194,-71.414034,1191.4053,1167.27,21.773,2.37,PASA
356600600401033619,-42.620484,-71.413459,1199.8208,1175.88,21.774,2.16,PASA
356600600401033620,-42.620774,-71.412884,1208.6965,1184.61,21.776,2.31,PASA
356600600401033621,-42.621064,-71.412308,1220.36,1194.90,21.777,3.69,PASA
356600800400197102,-42.557639,-71.556797,735.746,713.00,21.424,1.33,PASA
356600800400197103,-42.557928,-71.556226,734.6996,713.52,21.424,-0.24,PASA
356600800400197104,-42.558217,-71.555655,734.6423,715.46,21.425,-2.25,PASA
356600800400197105,-42.558508,-71.555082,742.46295,719.94,21.425,1.09,PASA
356600800400197106,-42.558799,-71.554508,750.04913,728.72,21.426,-0.09,PASA
356600800400197114,-42.561106,-71.549946,725.9367,703.73,21.431,0.78,PASA
356600800400197115,-42.561395,-71.549375,724.4433,701.45,21.431,1.57,PASA
356600800400197177,-42.579306,-71.513861,857.7723,830.38,21.507,5.89,FUERA_DE_UMBRAL
356600800400197178,-42.579591,-71.513291,850.2258,823.51,21.509,5.21,FUERA_DE_UMBRAL
356600800400197180,-42.580155,-71.512163,799.93005,779.72,21.512,-1.31,PASA
356600800400197181,-42.580444,-71.511589,804.31525,780.30,21.513,2.50,PASA
356600800400197182,-42.580731,-71.511017,804.35425,781.60,21.515,1.24,PASA
356600800400197183,-42.581019,-71.510445,805.085,783.16,21.516,0.41,PASA
356600800400197186,-42.581893,-71.508713,856.1135,831.16,21.521,3.43,PASA
356600800400197187,-42.582178,-71.508144,844.6283,825.33,21.523,-2.22,PASA
356600800400197188,-42.582465,-71.507573,842.99414,829.64,21.524,-8.17,FUERA_DE_UMBRAL
356600800400197189,-42.582757,-71.506995,861.1579,837.76,21.526,1.87,PASA
356600800400197190,-42.583042,-71.506426,851.06244,833.79,21.527,-4.25,PASA
356600800400197191,-42.583328,-71.505856,843.64343,821.93,21.529,0.18,PASA
356600800400197192,-42.583617,-71.505282,849.8846,830.40,21.530,-2.05,PASA
356600800400197194,-42.584202,-71.504127,887.86096,863.40,21.534,2.92,PASA
356600800400197195,-42.584491,-71.503553,893.00415,869.81,21.535,1.66,PASA
356600800400197196,-42.584781,-71.502978,903.116,879.25,21.537,2.33,PASA
356600800400197197,-42.585071,-71.502403,911.7671,888.39,21.538,1.83,PASA
356600800400197198,-42.585362,-71.501828,922.6238,898.39,21.540,2.69,PASA
356600800400197199,-42.585652,-71.501254,929.7529,905.64,21.541,2.57,PASA
356600800400197200,-42.585940,-71.500682,930.4245,910.74,21.543,-1.86,PASA
356600800400197210,-42.588820,-71.494970,903.29095,881.86,21.560,-0.13,PASA
356600800400197211,-42.589112,-71.494394,918.9121,895.91,21.562,1.44,PASA
356600800400197212,-42.589405,-71.493817,936.04004,913.22,21.564,1.26,PASA
356600800400197213,-42.589697,-71.493241,950.2144,928.08,21.566,0.57,PASA
356600800400197214,-42.589988,-71.492666,959.97485,935.83,21.567,2.58,PASA
356600800400197215,-42.590278,-71.492092,967.38196,938.66,21.569,7.16,FUERA_DE_UMBRAL
356600800400197216,-42.590566,-71.491520,966.04535,938.79,21.571,5.68,FUERA_DE_UMBRAL
356600800400197219,-42.591433,-71.489803,970.6835,947.32,21.576,1.79,PASA
356600800400197222,-42.592302,-71.488082,985.71423,960.91,21.582,3.22,PASA
356600800400197225,-42.593170,-71.486360,1001.2707,978.43,21.587,1.26,PASA
356600800400197226,-42.593460,-71.485787,1005.02264,982.53,21.589,0.90,PASA
356600800400197227,-42.593749,-71.485213,1011.1621,988.21,21.591,1.36,PASA
356600800400197228,-42.594039,-71.484639,1017.38654,994.11,21.592,1.68,PASA
356600800400197230,-42.594615,-71.483494,1017.4166,1002.02,21.596,-6.20,FUERA_DE_UMBRAL
356600800400197231,-42.594904,-71.482919,1024.7842,997.44,21.598,5.75,FUERA_DE_UMBRAL
356600800400197232,-42.595193,-71.482346,1027.4172,1008.24,21.599,-2.43,PASA
356600800400197233,-42.595483,-71.481771,1037.7599,1020.45,21.601,-4.30,PASA
356600800400197234,-42.595774,-71.481195,1050.6055,1035.21,21.603,-6.20,FUERA_DE_UMBRAL
356600800400197235,-42.596067,-71.480616,1071.687,1050.22,21.605,-0.13,PASA
356600800400197236,-42.596356,-71.480042,1076.3549,1049.17,21.606,5.58,FUERA_DE_UMBRAL
356600800400197237,-42.596641,-71.479473,1066.1458,1041.90,21.608,2.64,PASA
356600800400197238,-42.596928,-71.478902,1061.1548,1035.46,21.610,4.09,PASA
356600800400197239,-42.597217,-71.478328,1066.2418,1042.82,21.612,1.81,PASA
356600800400197240,-42.597506,-71.477753,1073.3505,1048.98,21.614,2.76,PASA
356600800400197241,-42.597795,-71.477180,1078.4197,1054.36,21.615,2.44,PASA
356600800400197242,-42.598083,-71.476607,1079.1061,1061.04,21.617,-3.55,PASA
356600800400197246,-42.599240,-71.474311,1102.2917,1083.32,21.624,-2.66,PASA
356600800400197248,-42.599815,-71.473169,1095.0151,1079.18,21.628,-5.79,FUERA_DE_UMBRAL
356600800400197249,-42.600102,-71.472597,1092.3658,1077.77,21.629,-7.03,FUERA_DE_UMBRAL
356600800400197250,-42.600389,-71.472026,1089.583,1070.43,21.631,-2.47,PASA
356600800400197251,-42.600676,-71.471455,1085.7109,1063.06,21.633,1.02,PASA
356600800400197252,-42.600965,-71.470883,1086.8949,1063.28,21.635,1.98,PASA
356600800400197253,-42.601253,-71.470310,1087.3821,1064.19,21.636,1.56,PASA
356600800400197254,-42.601539,-71.469741,1080.102,1057.49,21.638,0.97,PASA
356600800400197255,-42.601827,-71.469169,1077.2026,1054.90,21.640,0.66,PASA
356600800400197256,-42.602403,-71.468025,1078.3069,1053.61,21.643,3.06,PASA
356600800400197257,-42.602690,-71.467456,1069.7926,1045.73,21.645,2.41,PASA
356600800400197258,-42.602976,-71.466886,1061.4999,1039.39,21.647,0.46,PASA
356600800400197259,-42.603263,-71.466316,1057.4996,1036.30,21.648,-0.45,PASA
356600800400197260,-42.603551,-71.465744,1057.488,1037.22,21.650,-1.38,PASA
356600800400197261,-42.603842,-71.465169,1066.1465,1042.11,21.652,2.38,PASA
356600800400197262,-42.604130,-71.464597,1066.9729,1043.98,21.654,1.33,PASA
356600800400197263,-42.604418,-71.464025,1065.9244,1044.57,21.655,-0.30,PASA
356600800400197264,-42.604706,-71.463454,1065.3987,1043.78,21.657,-0.04,PASA
356600800400197265,-42.604995,-71.462881,1068.303,1042.99,21.659,3.66,PASA
356600800400197266,-42.605285,-71.462307,1075.2866,1044.76,21.661,8.87,FUERA_DE_UMBRAL
356600800400197267,-42.605571,-71.461738,1065.5426,1043.47,21.662,0.41,PASA
356600800400197268,-42.605860,-71.461165,1067.3665,1045.01,21.664,0.69,PASA
356600800400197275,-42.607883,-71.457157,1086.1782,1062.28,21.676,2.22,PASA
356600800400197277,-42.608460,-71.456012,1088.8502,1064.99,21.680,2.19,PASA
356600800400197278,-42.608749,-71.455440,1090.4801,1067.22,21.681,1.58,PASA
356600800400197279,-42.609039,-71.454866,1096.3949,1073.43,21.683,1.28,PASA
356600800400197287,-42.611932,-71.449131,1140.5125,1115.74,21.700,3.07,PASA
356600800400197288,-42.612222,-71.448557,1145.8446,1122.83,21.702,1.31,PASA
356600800400197289,-42.612511,-71.447982,1151.9675,1129.98,21.703,0.29,PASA
356600800400197290,-42.612801,-71.447408,1157.0485,1135.30,21.705,0.04,PASA
356600800400197291,-42.613089,-71.446836,1157.1302,1136.15,21.707,-0.73,PASA
356600800400197292,-42.613378,-71.446262,1160.9263,1137.36,21.708,1.85,PASA
356600800400197326,-42.623157,-71.426769,1142.3346,1120.23,21.763,0.34,PASA
356600800400197327,-42.623444,-71.426195,1144.249,1120.49,21.765,1.99,PASA
356600800400197328,-42.623732,-71.425621,1145.0797,1121.89,21.766,1.42,PASA
356600800400197329,-42.624019,-71.425047,1147.6412,1123.79,21.768,2.08,PASA
356600800400197330,-42.624307,-71.424472,1151.4657,1128.12,21.769,1.58,PASA
356600800400197331,-42.624598,-71.423893,1168.1135,1143.94,21.771,2.40,PASA
356600800400197334,-42.625463,-71.422169,1181.7627,1157.40,21.775,2.59,PASA
356600800400197335,-42.625751,-71.421594,1187.824,1167.72,21.776,-1.67,PASA
356600800400197336,-42.626040,-71.421018,1195.0172,1174.80,21.777,-1.56,PASA
356600800400197337,-42.626328,-71.420443,1201.9083,1181.58,21.778,-1.45,PASA
356600800400197338,-42.626617,-71.419868,1206.9521,1184.72,21.779,0.45,PASA
356600800400197339,-42.626904,-71.419294,1207.9451,1186.23,21.780,-0.07,PASA
356600800400197340,-42.627192,-71.418720,1210.806,1189.15,21.781,-0.13,PASA
356600800400197341,-42.627479,-71.418147,1210.9456,1189.68,21.782,-0.52,PASA
356600800400197342,-42.627766,-71.417573,1213.2185,1191.56,21.783,-0.13,PASA
356600800400197343,-42.628054,-71.416998,1218.1641,1196.77,21.784,-0.39,PASA
356600800400197344,-42.628343,-71.416424,1222.975,1200.20,21.785,0.99,PASA
356600800400197345,-42.628631,-71.415849,1227.1562,1205.03,21.786,0.34,PASA
356600800400197346,-42.628919,-71.415275,1233.2848,1211.22,21.787,0.28,PASA
356600800400197347,-42.629208,-71.414699,1241.6802,1219.49,21.788,0.40,PASA
356600800400197348,-42.629497,-71.414124,1248.598,1225.90,21.789,0.91,PASA
356600800400197349,-42.629784,-71.413551,1247.4276,1227.39,21.790,-1.75,PASA
356600800400197350,-42.630072,-71.412977,1253.5388,1232.20,21.791,-0.45,PASA
356600800400197351,-42.630362,-71.412401,1263.5723,1241.61,21.792,0.17,PASA
356601100400191849,-42.564354,-71.556818,776.384,750.21,21.439,4.73,PASA
356601100400191854,-42.565798,-71.553964,770.5674,743.15,21.442,5.98,FUERA_DE_UMBRAL
356601100400191855,-42.566087,-71.553393,768.92914,744.58,21.443,2.90,PASA
356601100400191856,-42.566376,-71.552821,771.13324,747.16,21.443,2.53,PASA
356601100400191857,-42.566666,-71.552248,775.2445,748.65,21.444,5.15,FUERA_DE_UMBRAL
356601100400191858,-42.566956,-71.551676,777.28955,750.68,21.445,5.17,FUERA_DE_UMBRAL
356601100400191859,-42.567246,-71.551103,783.00134,753.47,21.445,8.09,FUERA_DE_UMBRAL
356601100400191860,-42.567535,-71.550532,781.5669,757.68,21.446,2.44,PASA
356601100400191861,-42.567825,-71.549959,787.63293,763.09,21.447,3.09,PASA
356601100400191887,-42.575341,-71.535068,831.01373,810.48,21.473,-0.94,PASA
356601100400191907,-42.581694,-71.522463,874.81335,854.32,21.505,-1.01,PASA
356601100400191908,-42.581983,-71.521890,877.49567,857.22,21.506,-1.23,PASA
356601100400191909,-42.582272,-71.521317,880.74677,860.49,21.508,-1.25,PASA
356601100400191910,-42.582562,-71.520743,888.6367,867.30,21.509,-0.17,PASA
356601100400191911,-42.582852,-71.520169,896.10583,873.28,21.511,1.31,PASA
356601100400191912,-42.583141,-71.519595,902.4239,877.10,21.512,3.82,PASA
356601100400191913,-42.583429,-71.519023,902.4456,878.48,21.514,2.46,PASA
356601100400191914,-42.583717,-71.518451,902.2581,879.44,21.515,1.30,PASA
356601100400191915,-42.584005,-71.517879,903.7531,880.76,21.517,1.48,PASA
356601100400191916,-42.584293,-71.517307,903.03,880.42,21.518,1.09,PASA
356601100400191917,-42.584580,-71.516735,902.7461,879.71,21.520,1.52,PASA
356601100400191918,-42.584868,-71.516163,904.03345,879.02,21.521,3.49,PASA
356601100400191919,-42.585155,-71.515592,900.4632,875.72,21.523,3.22,PASA
356601100400191920,-42.585441,-71.515022,892.7973,868.62,21.524,2.66,PASA
356601100400191929,-42.588016,-71.509893,828.8957,806.61,21.538,0.75,PASA
356601100400191930,-42.588303,-71.509321,829.52185,808.69,21.539,-0.70,PASA
356601100400191931,-42.588592,-71.508747,834.3668,811.60,21.541,1.22,PASA
356601100400191932,-42.588881,-71.508172,843.20715,822.42,21.543,-0.75,PASA
356601100400191934,-42.589465,-71.507016,882.7059,860.80,21.546,0.36,PASA
356601100400191935,-42.589754,-71.506441,891.7852,868.37,21.547,1.87,PASA
356601100400191936,-42.590042,-71.505868,893.51184,869.66,21.549,2.30,PASA
356601100400191964,-42.598124,-71.489844,917.85156,902.98,21.596,-6.73,FUERA_DE_UMBRAL
356601100400191965,-42.598414,-71.489270,924.1468,904.57,21.598,-2.02,PASA
356601100400191966,-42.598705,-71.488694,936.94635,908.96,21.600,6.38,FUERA_DE_UMBRAL
356601100400191967,-42.598994,-71.488122,936.07306,909.15,21.602,5.32,FUERA_DE_UMBRAL
356601100400191968,-42.599282,-71.487550,934.51013,913.82,21.603,-0.91,PASA
356601100400191969,-42.599573,-71.486974,947.2124,917.41,21.605,8.20,FUERA_DE_UMBRAL
356601100400191970,-42.599862,-71.486399,954.1891,922.84,21.607,9.75,FUERA_DE_UMBRAL
356601100400191971,-42.600150,-71.485827,953.00824,922.82,21.609,8.58,FUERA_DE_UMBRAL
356601100400191972,-42.600437,-71.485257,946.3173,919.93,21.610,4.78,PASA
356601100400191973,-42.600724,-71.484686,941.97894,920.06,21.612,0.30,PASA
356601100400191982,-42.603335,-71.479506,1035.2113,1028.18,21.628,-14.60,FUERA_DE_UMBRAL
356601100400191986,-42.604488,-71.477214,1041.5844,1016.67,21.635,3.28,PASA
356601100400191987,-42.604775,-71.476643,1037.6083,1014.81,21.637,1.16,PASA
356601100400191988,-42.605060,-71.476074,1025.6969,1005.85,21.639,-1.79,PASA
356601100400191989,-42.605350,-71.475500,1032.228,1005.97,21.640,4.62,PASA
356601100400191990,-42.605640,-71.474924,1044.2399,1017.77,21.642,4.82,PASA
356601100400191997,-42.607664,-71.470906,1084.225,1060.22,21.654,2.35,PASA
356601100400192061,-42.626124,-71.434239,1164.6921,1138.92,21.759,4.01,PASA
356601100400192062,-42.626415,-71.433661,1179.6711,1154.51,21.760,3.40,PASA
356601100400192063,-42.626705,-71.433084,1191.1333,1167.28,21.761,2.10,PASA
356601100400192064,-42.626995,-71.432506,1204.3925,1181.35,21.762,1.28,PASA
356601100400192065,-42.627287,-71.431926,1222.0697,1196.13,21.763,4.18,PASA
356601100400192066,-42.627576,-71.431351,1228.7659,1203.60,21.765,3.40,PASA
356601100400192067,-42.627863,-71.430776,1230.8185,1207.29,21.766,1.76,PASA
356601100400192068,-42.628152,-71.430201,1236.0522,1212.57,21.767,1.71,PASA
356601100400192069,-42.628440,-71.429625,1240.7869,1216.93,21.768,2.09,PASA
356601100400192070,-42.628727,-71.429052,1237.9955,1216.96,21.769,-0.74,PASA
356601100400192071,-42.629013,-71.428480,1231.8116,1215.44,21.770,-5.40,FUERA_DE_UMBRAL
356601100400192072,-42.629298,-71.427909,1222.7461,1209.44,21.771,-8.47,FUERA_DE_UMBRAL
356601100400192073,-42.629586,-71.427336,1221.9279,1204.40,21.772,-4.25,PASA
356601100400192074,-42.629872,-71.426763,1220.2168,1200.46,21.773,-2.01,PASA
356601100400192078,-42.631021,-71.424468,1220.8021,1196.68,21.777,2.34,PASA
356601100400192079,-42.631308,-71.423894,1221.1934,1197.91,21.778,1.51,PASA
356601100400192080,-42.631596,-71.423320,1221.9844,1198.87,21.779,1.34,PASA
356601100400192081,-42.631883,-71.422746,1225.1694,1201.19,21.780,2.20,PASA
356601100400192082,-42.632171,-71.422172,1226.0365,1203.82,21.781,0.43,PASA
356601100400192083,-42.632458,-71.421598,1227.7651,1205.67,21.782,0.31,PASA
356601100400192084,-42.632745,-71.421024,1229.9491,1206.43,21.783,1.74,PASA
356601100400192085,-42.633032,-71.420451,1227.4869,1204.83,21.784,0.88,PASA
356601100400192086,-42.633318,-71.419879,1222.9739,1201.67,21.785,-0.48,PASA
356601100400192087,-42.633605,-71.419306,1221.2406,1201.79,21.786,-2.33,PASA
356601100400192088,-42.633893,-71.418732,1224.9237,1203.41,21.787,-0.28,PASA
356601100400192089,-42.634182,-71.418155,1235.4446,1212.93,21.788,0.73,PASA
356601100400192090,-42.634470,-71.417581,1240.0518,1218.61,21.789,-0.34,PASA
356601100400192091,-42.634755,-71.417010,1231.9685,1216.65,21.790,-6.47,FUERA_DE_UMBRAL
356601100400192092,-42.635043,-71.416436,1234.6292,1218.77,21.791,-5.93,FUERA_DE_UMBRAL
356601100400192093,-42.635331,-71.415862,1239.4556,1218.05,21.792,-0.39,PASA
356601100400192094,-42.635619,-71.415288,1242.5977,1220.54,21.793,0.26,PASA
356601100400192095,-42.635906,-71.414714,1244.885,1222.58,21.794,0.51,PASA
356601100400192096,-42.636195,-71.414139,1250.296,1227.12,21.794,1.39,PASA
356601100400192097,-42.636483,-71.413565,1255.5804,1234.45,21.795,-0.67,PASA
356601100400192098,-42.636772,-71.412989,1263.7913,1242.38,21.796,-0.38,PASA
